map,started_timestamp,duration,irl_duration,game_id,avg_elo,num_players,team_0_elo,team_1_elo,replay_enhanced,leaderboard,mirror,patch,raw_match_type,game_type,game_speed,starting_age
hideout,2025-01-18 01:59:21+00:00,0 days 00:49:53.700000,0 days 00:29:21,366018788,1232.5,2,1240.0,1225.0,False,random_map,False,125283,6,random_map,normal,dark
lowland,2025-01-13 22:55:44+00:00,0 days 00:52:25,0 days 00:30:50,365180902,653.5,2,649.0,658.0,False,random_map,False,125283,6,random_map,normal,dark
gold_rush,2025-01-18 13:30:08+00:00,0 days 00:27:03.500000,0 days 00:15:55,366115257,1226.1666666666667,6,1232.0,1220.3333333333333,False,team_random_map,False,125283,8,random_map,normal,dark
arabia,2025-01-15 00:45:59+00:00,0 days 00:37:51.200000,0 days 00:22:16,365395996,734.5,2,704.0,765.0,False,random_map,False,125283,6,random_map,normal,dark
arabia,2025-01-15 12:33:14+00:00,0 days 00:27:49.400000,0 days 00:16:22,365469845,742.5,2,742.0,743.0,False,random_map,False,125283,6,random_map,normal,dark
arabia,2025-01-17 20:49:12+00:00,0 days 00:43:49.900000,0 days 00:25:47,365959343,1795.0,2,1795.0,1795.0,False,random_map,False,125283,6,random_map,normal,dark
megarandom,2025-01-18 04:25:30+00:00,0 days 00:46:14.400000,0 days 00:27:12,366043720,1588.0,2,1568.0,1608.0,False,random_map,False,125283,6,random_map,normal,dark
arabia,2025-01-14 02:37:54+00:00,0 days 00:57:36.100000,0 days 00:33:53,365213384,1001.5,2,975.0,1028.0,False,random_map,False,125283,6,random_map,normal,dark
arena,2025-01-12 03:52:52+00:00,0 days 00:25:38.500000,0 days 00:15:05,364756616,1258.0,2,1222.0,1294.0,False,co_random_map,True,125283,66,random_map,normal,dark
nomad,2025-01-12 20:16:26+00:00,0 days 00:24:57.700000,0 days 00:14:41,364939813,1318.625,8,1343.5,1293.75,False,team_random_map,False,125283,9,random_map,normal,dark
gold_rush,2025-01-14 20:08:26+00:00,0 days 00:52:08,0 days 00:30:40,365348211,899.25,4,902.5,896.0,False,team_random_map,False,125283,7,random_map,normal,dark
megarandom,2025-01-12 17:47:25+00:00,0 days 00:41:23.700000,0 days 00:24:21,364901964,1256.5,2,1256.0,1257.0,False,random_map,False,125283,6,random_map,normal,dark
hideout,2025-01-14 01:12:23+00:00,0 days 00:34:51,0 days 00:20:30,365200688,1504.0,8,1485.75,1522.25,False,team_random_map,False,125283,9,random_map,normal,dark
arena,2025-01-18 11:50:02+00:00,0 days 00:55:50.700000,0 days 00:32:51,366098329,1177.5,2,1180.0,1175.0,False,random_map,False,125283,6,random_map,normal,dark
hideout,2025-01-18 02:14:02+00:00,0 days 00:12:09.300000,0 days 00:07:09,366021312,1200.5,2,1187.0,1214.0,False,random_map,False,125283,6,random_map,normal,dark
lowland,2025-01-18 19:15:20+00:00,0 days 00:50:09,0 days 00:29:30,366191523,1018.0,2,1013.0,1023.0,False,random_map,False,125283,6,random_map,normal,dark
megarandom,2025-01-18 18:38:04+00:00,0 days 00:58:28.800000,0 days 00:34:24,366182769,561.5,2,552.0,571.0,False,random_map,False,125283,6,random_map,normal,dark
african_clearing,2025-01-15 07:09:25+00:00,0 days 00:27:35.800000,0 days 00:16:14,365442028,1088.0,2,1072.0,1104.0,False,random_map,False,125283,6,random_map,normal,dark
african_clearing,2025-01-15 12:42:58+00:00,0 days 00:24:37.300000,0 days 00:14:29,365471026,1392.5,2,1293.0,1492.0,False,co_random_map,False,125283,66,random_map,normal,dark
lombardia,2025-01-15 17:53:26+00:00,0 days 01:06:23.100000,0 days 00:39:03,365519695,745.0,4,755.5,734.5,False,team_random_map,False,125283,7,random_map,normal,dark
acropolis,2025-01-16 13:23:02+00:00,0 days 00:27:49.400000,0 days 00:16:22,365671158,810.0,2,803.0,817.0,False,random_map,False,125283,6,random_map,normal,dark
lowland,2025-01-18 03:06:16+00:00,0 days 00:00:10.200000,0 days 00:00:06,366030362,887.5,2,894.0,881.0,False,random_map,False,125283,6,random_map,normal,dark
lombardia,2025-01-13 17:30:58+00:00,0 days 01:15:25.400000,0 days 00:44:22,365116393,1036.0,8,1042.75,1029.25,False,team_random_map,False,125283,9,random_map,normal,dark
arena,2025-01-17 05:50:13+00:00,0 days 00:57:42.900000,0 days 00:33:57,365829537,782.0,2,795.0,769.0,False,random_map,False,125283,6,random_map,normal,dark
hideout,2025-01-15 03:28:45+00:00,0 days 00:11:55.700000,0 days 00:07:01,365420031,1788.5,2,1764.0,1813.0,False,random_map,False,125283,6,random_map,normal,dark
african_clearing,2025-01-12 12:14:56+00:00,0 days 00:49:26.500000,0 days 00:29:05,364826080,877.0,2,869.0,885.0,False,random_map,False,125283,6,random_map,normal,dark
lowland,2025-01-17 03:36:15+00:00,0 days 00:47:15.600000,0 days 00:27:48,365813983,1198.5,2,1190.0,1207.0,False,random_map,False,125283,6,random_map,normal,dark
arabia,2025-01-18 20:59:29+00:00,0 days 00:03:58,0 days 00:02:20,366217659,738.0,4,729.0,747.0,False,team_random_map,False,125283,7,random_map,normal,dark
black_forest,2025-01-12 00:04:30+00:00,0 days 02:19:01.900000,0 days 01:21:47,364717955,765.75,8,745.5,786.0,False,team_random_map,False,125283,9,random_map,normal,dark
arena,2025-01-14 20:09:37+00:00,0 days 00:51:35.700000,0 days 00:30:21,365348432,952.625,8,954.0,951.25,False,team_random_map,False,125283,9,random_map,normal,dark
land_nomad,2025-01-13 15:24:03+00:00,0 days 00:55:28.600000,0 days 00:32:38,365095727,1029.75,4,1029.5,1030.0,False,team_random_map,False,125283,7,random_map,normal,dark
black_forest,2025-01-18 10:45:32+00:00,0 days 00:19:17.700000,0 days 00:11:21,366089283,1001.75,4,990.5,1013.0,False,team_random_map,False,125283,7,random_map,normal,dark
arena,2025-01-12 10:53:33+00:00,0 days 00:00:44.200000,0 days 00:00:26,364812791,338.5,2,331.0,346.0,False,random_map,False,125283,6,random_map,normal,dark
arabia,2025-01-13 00:01:50+00:00,0 days 00:21:50.700000,0 days 00:12:51,364988488,1000.0,2,999.0,1001.0,False,random_map,False,125283,6,random_map,normal,dark
arena,2025-01-18 16:31:01+00:00,0 days 00:51:22.100000,0 days 00:30:13,366154709,1022.0,2,1020.0,1024.0,False,random_map,False,125283,6,random_map,normal,dark
arena,2025-01-12 11:01:28+00:00,0 days 00:35:23.300000,0 days 00:20:49,364813816,1075.6666666666667,6,1078.0,1073.3333333333333,False,team_random_map,False,125283,8,random_map,normal,dark
arabia,2025-01-12 14:03:15+00:00,0 days 00:24:54.300000,0 days 00:14:39,364848453,1160.0,2,1153.0,1167.0,False,random_map,False,125283,6,random_map,normal,dark
arabia,2025-01-12 14:39:11+00:00,0 days 00:45:03,0 days 00:26:30,364856833,1817.5,2,1792.0,1843.0,False,random_map,False,125283,6,random_map,normal,dark
arabia,2025-01-15 06:30:28+00:00,0 days 00:00:40.800000,0 days 00:00:24,365439247,458.5,2,447.0,470.0,False,random_map,False,125283,6,random_map,normal,dark
arabia,2025-01-15 15:38:50+00:00,0 days 00:13:42.800000,0 days 00:08:04,365497955,1266.0,2,1281.0,1251.0,False,random_map,False,125283,6,random_map,normal,dark
arabia,2025-01-14 00:13:09+00:00,0 days 00:49:41.800000,0 days 00:29:14,365192335,1813.0,2,1790.0,1836.0,False,random_map,False,125283,6,random_map,normal,dark
arabia,2025-01-16 19:42:26+00:00,0 days 00:38:25.200000,0 days 00:22:36,365735524,1912.75,8,1826.5,1999.0,False,team_random_map,False,125283,9,random_map,normal,dark
black_forest,2025-01-12 04:25:01+00:00,0 days 01:03:21.200000,0 days 00:37:16,364761859,854.5,6,847.6666666666666,861.3333333333334,False,team_random_map,False,125283,8,random_map,normal,dark
arena,2025-01-18 05:11:43+00:00,0 days 00:58:11.800000,0 days 00:34:14,366050471,808.5,2,808.0,809.0,False,random_map,False,125283,6,random_map,normal,dark
arena,2025-01-12 04:17:47+00:00,0 days 00:32:04.400000,0 days 00:18:52,364760701,784.0,2,780.0,788.0,False,random_map,False,125283,6,random_map,normal,dark
arabia,2025-01-18 00:54:12+00:00,0 days 00:22:41.700000,0 days 00:13:21,366008463,1516.5,2,1507.0,1526.0,False,random_map,False,125283,6,random_map,normal,dark
megarandom,2025-01-17 19:20:04+00:00,0 days 00:49:29.900000,0 days 00:29:07,365939245,1362.0,2,1376.0,1348.0,False,random_map,False,125283,6,random_map,normal,dark
nomad,2025-01-14 21:56:33+00:00,0 days 00:54:46.100000,0 days 00:32:13,365369887,1096.5,4,1087.0,1106.0,False,team_random_map,False,125283,7,random_map,normal,dark
arena,2025-01-13 23:54:08+00:00,0 days 00:46:56.900000,0 days 00:27:37,365189431,939.25,8,952.25,926.25,False,team_random_map,False,125283,9,random_map,normal,dark
african_clearing,2025-01-15 11:11:27+00:00,0 days 00:43:27.800000,0 days 00:25:34,365460824,415.0,2,381.0,449.0,False,random_map,False,125283,6,random_map,normal,dark
arabia,2025-01-15 01:45:56+00:00,0 days 00:49:58.800000,0 days 00:29:24,365404584,977.1666666666666,6,973.3333333333334,981.0,False,team_random_map,False,125283,8,random_map,normal,dark
hideout,2025-01-14 18:49:23+00:00,0 days 00:34:22.100000,0 days 00:20:13,365331564,1017.5,2,1000.0,1035.0,False,random_map,False,125283,6,random_map,normal,dark
black_forest,2025-01-16 20:51:58+00:00,0 days 01:11:41,0 days 00:42:10,365750829,913.0,4,898.0,928.0,False,team_random_map,False,125283,7,random_map,normal,dark
arabia,2025-01-12 20:04:49+00:00,0 days 00:48:50.800000,0 days 00:28:44,364936853,1349.0,2,1347.0,1351.0,False,random_map,False,125283,6,random_map,normal,dark
arabia,2025-01-15 16:25:28+00:00,0 days 00:46:46.700000,0 days 00:27:31,365505177,1133.5,2,1135.0,1132.0,False,random_map,False,125283,6,random_map,normal,dark
arabia,2025-01-18 23:56:49+00:00,0 days 00:49:50.300000,0 days 00:29:19,366255909,963.5,2,961.0,966.0,False,random_map,False,125283,6,random_map,normal,dark
arena,2025-01-14 23:22:28+00:00,0 days 01:22:04.900000,0 days 00:48:17,365384091,705.625,8,724.75,686.5,False,team_random_map,False,125283,9,random_map,normal,dark
black_forest,2025-01-18 23:27:46+00:00,0 days 01:20:07.600000,0 days 00:47:08,366250781,668.5,4,675.0,662.0,False,team_random_map,False,125283,7,random_map,normal,dark
arena,2025-01-18 17:52:54+00:00,0 days 00:43:46.500000,0 days 00:25:45,366172413,735.0,2,719.0,751.0,False,random_map,False,125283,6,random_map,normal,dark
land_nomad,2025-01-14 03:15:09+00:00,0 days 00:35:42,0 days 00:21:00,365218717,1387.0,4,1374.0,1400.0,False,team_random_map,False,125283,7,random_map,normal,dark
arena,2025-01-13 09:30:48+00:00,0 days 01:02:31.900000,0 days 00:36:47,365053100,938.625,8,945.0,932.25,False,team_random_map,False,125283,9,random_map,normal,dark
megarandom,2025-01-15 16:22:16+00:00,0 days 01:38:27.500000,0 days 00:57:55,365504786,593.75,4,594.0,593.5,False,team_random_map,False,125283,7,random_map,normal,dark
hideout,2025-01-18 07:00:27+00:00,0 days 00:58:10.100000,0 days 00:34:13,366063915,387.0,2,360.0,414.0,False,random_map,False,125283,6,random_map,normal,dark
megarandom,2025-01-18 12:37:23+00:00,0 days 01:00:49.900000,0 days 00:35:47,366105794,895.5,2,888.0,903.0,False,random_map,False,125283,6,random_map,normal,dark
arabia,2025-01-14 22:50:33+00:00,0 days 00:30:17.300000,0 days 00:17:49,365379043,813.25,4,799.5,827.0,False,team_random_map,False,125283,7,random_map,normal,dark
land_nomad,2025-01-18 08:59:18+00:00,0 days 00:49:33.300000,0 days 00:29:09,366076901,1344.75,4,1341.5,1348.0,False,team_random_map,False,125283,7,random_map,normal,dark
arena,2025-01-16 15:06:46+00:00,0 days 00:41:16.900000,0 days 00:24:17,365686851,821.0,2,835.0,807.0,False,random_map,False,125283,6,random_map,normal,dark
acropolis,2025-01-17 10:51:45+00:00,0 days 00:29:31.400000,0 days 00:17:22,365854556,1236.0,2,1234.0,1238.0,False,random_map,False,125283,6,random_map,normal,dark
nomad,2025-01-13 09:58:23+00:00,0 days 00:43:09.100000,0 days 00:25:23,365055293,1154.75,4,1176.0,1133.5,False,team_random_map,False,125283,7,random_map,normal,dark
arabia,2025-01-16 03:58:35+00:00,0 days 00:48:23.600000,0 days 00:28:28,365619282,859.5,2,858.0,861.0,False,random_map,False,125283,6,random_map,normal,dark
arena,2025-01-12 08:52:51+00:00,0 days 00:52:09.700000,0 days 00:30:41,364797210,1405.5,8,1405.25,1405.75,False,team_random_map,False,125283,9,random_map,normal,dark
land_nomad,2025-01-14 20:19:03+00:00,0 days 00:55:18.400000,0 days 00:32:32,365350552,791.375,8,798.25,784.5,False,team_random_map,False,125283,9,random_map,normal,dark
arabia,2025-01-13 23:27:34+00:00,0 days 01:21:25.800000,0 days 00:47:54,365185672,360.0,2,320.0,400.0,False,random_map,False,125283,6,random_map,normal,dark
arabia,2025-01-18 16:29:06+00:00,0 days 00:49:46.900000,0 days 00:29:17,366154303,921.0,6,911.3333333333334,930.6666666666666,False,team_random_map,False,125283,8,random_map,normal,dark
arabia,2025-01-17 16:16:01+00:00,0 days 00:27:20.500000,0 days 00:16:05,365903383,1437.0,2,1426.0,1448.0,False,random_map,False,125283,6,random_map,normal,dark
black_forest,2025-01-12 03:13:43+00:00,0 days 01:36:59.100000,0 days 00:57:03,364749832,970.0,4,960.0,980.0,False,team_random_map,False,125283,7,random_map,normal,dark
nomad,2025-01-12 00:34:52+00:00,0 days 00:33:05.600000,0 days 00:19:28,364723229,1429.75,4,1426.0,1433.5,False,team_random_map,False,125283,7,random_map,normal,dark
arabia,2025-01-18 17:42:19+00:00,0 days 00:14:35.500000,0 days 00:08:35,366170281,1555.5,2,1598.0,1513.0,False,random_map,False,125283,6,random_map,normal,dark
arabia,2025-01-14 07:02:39+00:00,0 days 01:21:00.300000,0 days 00:47:39,365242371,750.25,4,759.0,741.5,False,team_random_map,False,125283,7,random_map,normal,dark
arena,2025-01-12 07:05:22+00:00,0 days 00:54:01.900000,0 days 00:31:47,364784245,906.125,8,890.0,922.25,False,team_random_map,False,125283,9,random_map,normal,dark
arabia,2025-01-15 14:14:26+00:00,0 days 00:25:28.300000,0 days 00:14:59,365484142,908.0,2,913.0,903.0,False,random_map,False,125283,6,random_map,normal,dark
arabia,2025-01-17 05:31:21+00:00,0 days 00:42:47,0 days 00:25:10,365827763,1258.5,2,1296.0,1221.0,False,random_map,False,125283,6,random_map,normal,dark
megarandom,2025-01-18 10:51:43+00:00,0 days 00:20:49.500000,0 days 00:12:15,366090018,1834.0,2,1808.0,1860.0,False,random_map,False,125283,6,random_map,normal,dark
arabia,2025-01-16 08:37:49+00:00,0 days 00:50:48.100000,0 days 00:29:53,365643689,1409.5,2,1385.0,1434.0,False,random_map,False,125283,6,random_map,normal,dark
nomad,2025-01-18 05:12:40+00:00,0 days 00:49:09.500000,0 days 00:28:55,366050242,1122.25,4,1164.5,1080.0,False,team_random_map,False,125283,7,random_map,normal,dark
arabia,2025-01-18 18:20:44+00:00,0 days 00:40:12.300000,0 days 00:23:39,366178517,1382.0,2,1386.0,1378.0,False,random_map,False,125283,6,random_map,normal,dark
hideout,2025-01-15 21:00:28+00:00,0 days 01:01:05.200000,0 days 00:35:56,365556427,1173.0,2,1187.0,1159.0,False,random_map,False,125283,6,random_map,normal,dark
arabia,2025-01-16 23:52:08+00:00,0 days 00:04:23.500000,0 days 00:02:35,365781792,1538.0,2,1534.0,1542.0,False,random_map,False,125283,6,random_map,normal,dark
arabia,2025-01-18 16:59:39+00:00,0 days 00:40:17.400000,0 days 00:23:42,366161233,1552.5,2,1550.0,1555.0,False,random_map,False,125283,6,random_map,normal,dark
lombardia,2025-01-12 04:41:15+00:00,0 days 00:47:36,0 days 00:28:00,364764416,924.75,4,910.5,939.0,False,team_random_map,False,125283,7,random_map,normal,dark
arabia,2025-01-15 16:45:10+00:00,0 days 00:35:59,0 days 00:21:10,365508368,1102.5,2,1099.0,1106.0,False,random_map,False,125283,6,random_map,normal,dark
african_clearing,2025-01-16 15:16:48+00:00,0 days 00:44:29,0 days 00:26:10,365688518,946.0,2,951.0,941.0,False,random_map,False,125283,6,random_map,normal,dark
african_clearing,2025-01-12 21:13:40+00:00,0 days 00:51:44.200000,0 days 00:30:26,364954604,1206.0,2,1205.0,1207.0,False,random_map,False,125283,6,random_map,normal,dark
black_forest,2025-01-17 18:45:01+00:00,0 days 00:19:41.500000,0 days 00:11:35,365931925,993.75,4,987.5,1000.0,False,team_random_map,False,125283,7,random_map,normal,dark
arabia,2025-01-12 17:19:23+00:00,0 days 00:45:42.100000,0 days 00:26:53,364894991,932.6666666666666,6,913.6666666666666,951.6666666666666,False,team_random_map,False,125283,8,random_map,normal,dark
black_forest,2025-01-14 07:37:26+00:00,0 days 00:55:18.400000,0 days 00:32:32,365244936,772.6666666666666,6,800.6666666666666,744.6666666666666,False,team_random_map,False,125283,8,random_map,normal,dark
arabia,2025-01-15 16:42:08+00:00,0 days 00:55:28.600000,0 days 00:32:38,365507832,1116.5,6,1132.0,1101.0,False,team_random_map,False,125283,8,random_map,normal,dark
arabia,2025-01-16 11:34:40+00:00,0 days 00:06:22.500000,0 days 00:03:45,365658219,1466.5,2,1439.0,1494.0,False,random_map,False,125283,6,random_map,normal,dark
arabia,2025-01-14 08:48:35+00:00,0 days 00:02:55.100000,0 days 00:01:43,365250295,883.0,2,878.0,888.0,False,random_map,False,125283,6,random_map,normal,dark
arena,2025-01-12 18:17:23+00:00,0 days 00:40:36.100000,0 days 00:23:53,364909233,1025.375,8,1038.75,1012.0,False,team_random_map,False,125283,9,random_map,normal,dark
megarandom,2025-01-14 02:21:15+00:00,0 days 00:32:48.600000,0 days 00:19:18,365210916,1040.5,2,1025.0,1056.0,False,random_map,False,125283,6,random_map,normal,dark
arena,2025-01-12 14:24:23+00:00,0 days 00:57:05.500000,0 days 00:33:35,364853354,1070.0,4,1090.0,1050.0,False,team_random_map,False,125283,7,random_map,normal,dark
gold_rush,2025-01-18 22:02:10+00:00,0 days 00:52:18.200000,0 days 00:30:46,366233042,829.0,4,816.0,842.0,False,team_random_map,False,125283,7,random_map,normal,dark
arena,2025-01-16 09:38:22+00:00,0 days 00:25:23.200000,0 days 00:14:56,365648276,870.5,2,852.0,889.0,False,random_map,False,125283,6,random_map,normal,dark
arabia,2025-01-16 00:10:35+00:00,0 days 00:04:26.900000,0 days 00:02:37,365587982,1175.5,2,1172.0,1179.0,False,random_map,False,125283,6,random_map,normal,dark
arabia,2025-01-12 17:08:56+00:00,0 days 00:57:44.600000,0 days 00:33:58,364892745,1382.5,2,1379.0,1386.0,False,random_map,False,125283,6,random_map,normal,dark
african_clearing,2025-01-12 22:26:24+00:00,0 days 00:37:17.200000,0 days 00:21:56,364971261,958.0,2,977.0,939.0,False,random_map,False,125283,6,random_map,normal,dark
nomad,2025-01-18 21:37:25+00:00,0 days 00:29:53.500000,0 days 00:17:35,366226985,860.25,4,863.0,857.5,False,team_random_map,False,125283,7,random_map,normal,dark
african_clearing,2025-01-18 14:40:28+00:00,0 days 00:49:53.700000,0 days 00:29:21,366130066,1213.5,2,1236.0,1191.0,False,random_map,False,125283,6,random_map,normal,dark
arena,2025-01-16 00:30:28+00:00,0 days 00:56:57,0 days 00:33:30,365590534,1095.75,8,1088.0,1103.5,False,team_random_map,False,125283,9,random_map,normal,dark
arabia,2025-01-13 20:42:30+00:00,0 days 00:46:51.800000,0 days 00:27:34,365155439,1298.5,2,1270.0,1327.0,False,random_map,False,125283,6,random_map,normal,dark
arena,2025-01-17 16:44:00+00:00,0 days 00:47:56.400000,0 days 00:28:12,365908635,1244.875,8,1252.25,1237.5,False,team_random_map,False,125283,9,random_map,normal,dark
arabia,2025-01-15 04:07:20+00:00,0 days 00:01:04.600000,0 days 00:00:38,365425013,1093.0,2,1089.0,1097.0,False,random_map,False,125283,6,random_map,normal,dark
arabia,2025-01-12 12:21:43+00:00,0 days 00:57:03.800000,0 days 00:33:34,364827339,1479.5,2,1465.0,1494.0,False,random_map,False,125283,6,random_map,normal,dark
land_nomad,2025-01-18 20:24:41+00:00,0 days 00:35:09.700000,0 days 00:20:41,366208573,831.25,4,828.5,834.0,False,team_random_map,False,125283,7,random_map,normal,dark
arabia,2025-01-18 16:08:02+00:00,0 days 00:15:55.400000,0 days 00:09:22,366149514,860.5,2,863.0,858.0,False,random_map,False,125283,6,random_map,normal,dark
land_nomad,2025-01-13 13:09:05+00:00,0 days 00:07:47.500000,0 days 00:04:35,365074766,1195.75,8,1198.25,1193.25,False,team_random_map,False,125283,9,random_map,normal,dark
arabia,2025-01-13 17:44:43+00:00,0 days 00:33:10.700000,0 days 00:19:31,365118836,1625.5,2,1607.0,1644.0,False,random_map,False,125283,6,random_map,normal,dark
arabia,2025-01-14 22:57:58+00:00,0 days 00:27:18.800000,0 days 00:16:04,365380313,1315.25,4,1297.5,1333.0,False,team_random_map,False,125283,7,random_map,normal,dark
black_forest,2025-01-17 23:15:20+00:00,0 days 01:05:59.300000,0 days 00:38:49,365991774,912.5,4,910.0,915.0,False,team_random_map,False,125283,7,random_map,normal,dark
arabia,2025-01-15 17:05:57+00:00,0 days 00:13:47.900000,0 days 00:08:07,365511673,1398.0,2,1388.0,1408.0,False,random_map,False,125283,6,random_map,normal,dark
nomad,2025-01-18 09:28:07+00:00,0 days 00:27:54.500000,0 days 00:16:25,366080038,1221.8333333333333,6,1222.0,1221.6666666666667,False,team_random_map,False,125283,8,random_map,normal,dark
black_forest,2025-01-16 22:20:23+00:00,0 days 01:04:03.700000,0 days 00:37:41,365767618,649.25,4,694.5,604.0,False,team_random_map,False,125283,7,random_map,normal,dark
arena,2025-01-18 00:27:33+00:00,0 days 01:19:04.700000,0 days 00:46:31,366004213,663.0,2,651.0,675.0,False,random_map,False,125283,6,random_map,normal,dark
lowland,2025-01-14 19:34:37+00:00,0 days 00:48:23.600000,0 days 00:28:28,365340993,345.0,2,337.0,353.0,False,random_map,False,125283,6,random_map,normal,dark
land_nomad,2025-01-16 06:22:28+00:00,0 days 00:15:01,0 days 00:08:50,365633679,1271.125,8,1266.0,1276.25,False,team_random_map,False,125283,9,random_map,normal,dark
arena,2025-01-16 19:55:03+00:00,0 days 00:42:02.800000,0 days 00:24:44,365738198,1443.0,4,1384.0,1502.0,False,team_random_map,False,125283,7,random_map,normal,dark
acropolis,2025-01-13 09:52:38+00:00,0 days 00:41:59.400000,0 days 00:24:42,365054926,1690.0,2,1522.0,1858.0,False,co_random_map,False,125283,66,random_map,normal,dark
arabia,2025-01-12 13:28:04+00:00,0 days 01:15:44.100000,0 days 00:44:33,364840443,875.0,2,874.0,876.0,False,random_map,False,125283,6,random_map,normal,dark
megarandom,2025-01-12 05:41:10+00:00,0 days 00:36:27.900000,0 days 00:21:27,364773264,998.0,2,990.0,1006.0,False,random_map,False,125283,6,random_map,normal,dark
megarandom,2025-01-13 11:16:48+00:00,0 days 00:27:47.700000,0 days 00:16:21,365061929,766.5,2,761.0,772.0,False,random_map,False,125283,6,random_map,normal,dark
arena,2025-01-13 21:13:20+00:00,0 days 00:57:42.900000,0 days 00:33:57,365161924,1155.5,2,1108.0,1203.0,False,co_random_map,False,125283,66,random_map,normal,dark
megarandom,2025-01-18 00:51:31+00:00,0 days 00:02:05.800000,0 days 00:01:14,366007947,952.5,6,956.0,949.0,False,team_random_map,False,125283,8,random_map,normal,dark
nomad,2025-01-15 01:40:35+00:00,0 days 00:48:03.200000,0 days 00:28:16,365403712,976.875,8,990.25,963.5,False,team_random_map,False,125283,9,random_map,normal,dark
arabia,2025-01-12 06:49:08+00:00,0 days 00:45:42.100000,0 days 00:26:53,364782399,1096.5,2,1096.0,1097.0,False,random_map,False,125283,6,random_map,normal,dark
arabia,2025-01-17 14:47:09+00:00,0 days 00:23:03.800000,0 days 00:13:34,365887080,1443.0,2,1439.0,1447.0,False,random_map,False,125283,6,random_map,normal,dark
arabia,2025-01-12 13:00:50+00:00,0 days 00:55:57.500000,0 days 00:32:55,364834894,1193.0,2,1186.0,1200.0,False,random_map,False,125283,6,random_map,normal,dark
megarandom,2025-01-12 00:54:43+00:00,0 days 00:43:02.300000,0 days 00:25:19,364726431,1417.0,2,1439.0,1395.0,False,random_map,False,125283,6,random_map,normal,dark
arabia,2025-01-17 02:45:59+00:00,0 days 00:53:29.600000,0 days 00:31:28,365806724,2149.5,2,2123.0,2176.0,False,random_map,False,125283,6,random_map,normal,dark
hideout,2025-01-17 18:54:33+00:00,0 days 02:14:46.900000,0 days 01:19:17,365933882,992.5,2,988.0,997.0,False,random_map,False,125283,6,random_map,normal,dark
arena,2025-01-14 10:23:14+00:00,0 days 00:42:02.800000,0 days 00:24:44,365257707,859.0,2,852.0,866.0,False,random_map,False,125283,6,random_map,normal,dark
arena,2025-01-15 03:48:47+00:00,0 days 00:33:27.700000,0 days 00:19:41,365422702,1378.0,2,1377.0,1379.0,False,random_map,False,125283,6,random_map,normal,dark
arena,2025-01-16 16:37:40+00:00,0 days 00:59:47,0 days 00:35:10,365701498,109.5,2,88.0,131.0,False,random_map,False,125283,6,random_map,normal,dark
megarandom,2025-01-14 18:58:39+00:00,0 days 00:21:37.100000,0 days 00:12:43,365333360,1226.5,2,1221.0,1232.0,False,random_map,False,125283,6,random_map,normal,dark
arabia,2025-01-17 21:35:14+00:00,0 days 00:48:18.500000,0 days 00:28:25,365970026,920.5,2,918.0,923.0,False,random_map,False,125283,6,random_map,normal,dark
nomad,2025-01-14 23:34:56+00:00,0 days 00:31:40.600000,0 days 00:18:38,365386045,1527.3333333333333,6,1477.3333333333333,1577.3333333333333,False,team_random_map,False,125283,8,random_map,normal,dark
arena,2025-01-15 08:07:17+00:00,0 days 00:55:49,0 days 00:32:50,365446134,428.0,2,416.0,440.0,False,random_map,False,125283,6,random_map,normal,dark
african_clearing,2025-01-18 02:08:36+00:00,0 days 00:09:56.700000,0 days 00:05:51,366020479,1532.0,2,1514.0,1550.0,False,random_map,False,125283,6,random_map,normal,dark
african_clearing,2025-01-15 16:15:42+00:00,0 days 00:21:42.200000,0 days 00:12:46,365503616,1213.0,2,1200.0,1226.0,False,random_map,False,125283,6,random_map,normal,dark
arabia,2025-01-13 22:20:40+00:00,0 days 00:24:13.500000,0 days 00:14:15,365174910,1659.5,2,1646.0,1673.0,False,random_map,False,125283,6,random_map,normal,dark
megarandom,2025-01-17 23:01:17+00:00,0 days 00:27:29,0 days 00:16:10,365989205,958.5,2,951.0,966.0,False,random_map,False,125283,6,random_map,normal,dark
arabia,2025-01-13 18:31:34+00:00,0 days 00:00:30.600000,0 days 00:00:18,365127535,1023.5,2,1017.0,1030.0,False,random_map,False,125283,6,random_map,normal,dark
arena,2025-01-16 20:25:23+00:00,0 days 00:40:32.700000,0 days 00:23:51,365744950,832.5,4,826.0,839.0,False,team_random_map,False,125283,7,random_map,normal,dark
lowland,2025-01-14 05:19:26+00:00,0 days 00:14:57.600000,0 days 00:08:48,365233605,1357.5,2,1346.0,1369.0,False,random_map,False,125283,6,random_map,normal,dark
nomad,2025-01-16 05:13:29+00:00,0 days 00:38:43.900000,0 days 00:22:47,365627643,1079.375,8,1115.25,1043.5,False,team_random_map,False,125283,9,random_map,normal,dark
arabia,2025-01-17 19:46:35+00:00,0 days 00:47:19,0 days 00:27:50,365944838,1319.0,2,1313.0,1325.0,False,random_map,False,125283,6,random_map,normal,dark
arabia,2025-01-17 15:31:13+00:00,0 days 00:28:35.300000,0 days 00:16:49,365895049,999.5,2,998.0,1001.0,False,random_map,False,125283,6,random_map,normal,dark
land_nomad,2025-01-14 16:00:58+00:00,0 days 00:29:21.200000,0 days 00:17:16,365302394,1432.5,6,1467.3333333333333,1397.6666666666667,False,team_random_map,False,125283,8,random_map,normal,dark
megarandom,2025-01-13 14:05:26+00:00,0 days 00:00:10.200000,0 days 00:00:06,365083098,1197.5,2,1200.0,1195.0,False,random_map,False,125283,6,random_map,normal,dark
gold_rush,2025-01-16 15:03:18+00:00,0 days 00:33:31.100000,0 days 00:19:43,365686263,1229.75,8,1236.5,1223.0,False,team_random_map,False,125283,9,random_map,normal,dark
arabia,2025-01-13 18:11:54+00:00,0 days 01:02:30.200000,0 days 00:36:46,365123667,962.125,8,983.0,941.25,False,team_random_map,False,125283,9,random_map,normal,dark
black_forest,2025-01-17 16:17:59+00:00,0 days 01:06:53.700000,0 days 00:39:21,365903579,1105.5,8,1125.0,1086.0,False,team_random_map,False,125283,9,random_map,normal,dark
megarandom,2025-01-16 01:40:05+00:00,0 days 00:20:52.900000,0 days 00:12:17,365599917,1140.5,2,1133.0,1148.0,False,random_map,False,125283,6,random_map,normal,dark
arena,2025-01-12 13:00:34+00:00,0 days 00:04:47.300000,0 days 00:02:49,364834665,871.5,2,881.0,862.0,False,random_map,False,125283,6,random_map,normal,dark
hideout,2025-01-14 09:24:42+00:00,0 days 01:00:41.400000,0 days 00:35:42,365252981,1004.0,2,998.0,1010.0,False,random_map,False,125283,6,random_map,normal,dark
african_clearing,2025-01-14 19:32:42+00:00,0 days 00:53:39.800000,0 days 00:31:34,365340687,1028.0,2,1023.0,1033.0,False,random_map,False,125283,6,random_map,normal,dark
arabia,2025-01-15 00:54:21+00:00,0 days 00:30:20.700000,0 days 00:17:51,365397100,1977.0,2,2064.0,1890.0,False,random_map,False,125283,6,random_map,normal,dark
arabia,2025-01-17 16:44:20+00:00,0 days 00:50:10.700000,0 days 00:29:31,365908753,916.0,2,935.0,897.0,False,random_map,False,125283,6,random_map,normal,dark
lombardia,2025-01-18 15:34:25+00:00,0 days 00:58:18.600000,0 days 00:34:18,366142021,1122.5,4,1103.0,1142.0,False,team_random_map,False,125283,7,random_map,normal,dark
arabia,2025-01-17 16:51:15+00:00,0 days 00:39:31.500000,0 days 00:23:15,365910151,1119.5,2,1119.0,1120.0,False,random_map,False,125283,6,random_map,normal,dark
arena,2025-01-15 21:45:23+00:00,0 days 00:47:42.800000,0 days 00:28:04,365565482,1557.0,2,1573.0,1541.0,False,random_map,False,125283,6,random_map,normal,dark
megarandom,2025-01-12 03:44:10+00:00,0 days 00:03:22.300000,0 days 00:01:59,364755187,1816.0,2,1816.0,1816.0,False,random_map,False,125283,6,random_map,normal,dark
arabia,2025-01-15 08:21:18+00:00,0 days 00:48:16.800000,0 days 00:28:24,365447204,1693.5,2,1677.0,1710.0,False,random_map,False,125283,6,random_map,normal,dark
megarandom,2025-01-12 09:48:57+00:00,0 days 00:29:53.500000,0 days 00:17:35,364804139,352.0,2,328.0,376.0,False,random_map,False,125283,6,random_map,normal,dark
land_nomad,2025-01-18 14:33:17+00:00,0 days 01:09:08,0 days 00:40:40,366128361,1187.1666666666667,6,1181.6666666666667,1192.6666666666667,False,team_random_map,False,125283,8,random_map,normal,dark
land_nomad,2025-01-18 14:52:40+00:00,0 days 01:01:06.900000,0 days 00:35:57,366132591,1197.375,8,1196.75,1198.0,False,team_random_map,False,125283,9,random_map,normal,dark
megarandom,2025-01-12 01:27:47+00:00,0 days 00:32:43.500000,0 days 00:19:15,364731903,874.5,2,874.0,875.0,False,random_map,False,125283,6,random_map,normal,dark
land_nomad,2025-01-15 20:33:34+00:00,0 days 01:12:09.900000,0 days 00:42:27,365551130,977.0,4,973.0,981.0,False,team_random_map,False,125283,7,random_map,normal,dark
lombardia,2025-01-12 18:17:18+00:00,0 days 01:26:08,0 days 00:50:40,364909219,1138.5,6,1123.3333333333333,1153.6666666666667,False,team_random_map,False,125283,8,random_map,normal,dark
arabia,2025-01-14 11:05:23+00:00,0 days 00:26:10.800000,0 days 00:15:24,365261367,1151.0,2,1132.0,1170.0,False,random_map,False,125283,6,random_map,normal,dark
arabia,2025-01-15 10:07:00+00:00,0 days 01:00:44.800000,0 days 00:35:44,365455335,1760.5,2,1748.0,1773.0,False,random_map,False,125283,6,random_map,normal,dark
acropolis,2025-01-14 03:28:31+00:00,0 days 00:31:13.400000,0 days 00:18:22,365220644,1352.0,2,1311.0,1393.0,False,random_map,False,125283,6,random_map,normal,dark
black_forest,2025-01-16 14:41:31+00:00,0 days 00:21:28.600000,0 days 00:12:38,365682883,932.0,8,933.5,930.5,False,team_random_map,False,125283,9,random_map,normal,dark
arabia,2025-01-18 18:55:13+00:00,0 days 00:58:20.300000,0 days 00:34:19,366186557,778.0,2,760.0,796.0,False,random_map,False,125283,6,random_map,normal,dark
arabia,2025-01-18 15:31:53+00:00,0 days 00:30:22.400000,0 days 00:17:52,366141634,1469.0,2,1467.0,1471.0,False,random_map,False,125283,6,random_map,normal,dark
arena,2025-01-18 23:38:08+00:00,0 days 00:28:08.100000,0 days 00:16:33,366252583,1282.0,6,1301.3333333333333,1262.6666666666667,False,team_random_map,False,125283,8,random_map,normal,dark
arena,2025-01-18 09:40:49+00:00,0 days 00:58:37.300000,0 days 00:34:29,366081530,1222.5,6,1227.3333333333333,1217.6666666666667,False,team_random_map,False,125283,8,random_map,normal,dark
arena,2025-01-16 23:01:02+00:00,0 days 00:49:06.100000,0 days 00:28:53,365774353,1136.0,2,1147.0,1125.0,False,random_map,False,125283,6,random_map,normal,dark
megarandom,2025-01-15 18:00:28+00:00,0 days 00:45:52.300000,0 days 00:26:59,365520971,1239.25,4,1223.5,1255.0,False,team_random_map,False,125283,7,random_map,normal,dark
arabia,2025-01-12 05:54:21+00:00,0 days 00:20:12.100000,0 days 00:11:53,364775154,1506.5,2,1506.0,1507.0,False,random_map,False,125283,6,random_map,normal,dark
arabia,2025-01-15 11:42:57+00:00,0 days 00:17:49.300000,0 days 00:10:29,365464034,1784.5,2,1768.0,1801.0,False,random_map,False,125283,6,random_map,normal,dark
megarandom,2025-01-15 15:06:50+00:00,0 days 01:18:57.900000,0 days 00:46:27,365492620,985.8333333333334,6,1017.6666666666666,954.0,False,team_random_map,False,125283,8,random_map,normal,dark
megarandom,2025-01-13 19:21:52+00:00,0 days 00:43:17.600000,0 days 00:25:28,365137716,680.0,2,670.0,690.0,False,random_map,False,125283,6,random_map,normal,dark
arena,2025-01-12 17:47:34+00:00,0 days 01:08:25.500000,0 days 00:40:15,364901823,628.5,2,623.0,634.0,False,random_map,False,125283,6,random_map,normal,dark
african_clearing,2025-01-18 05:07:33+00:00,0 days 00:30:37.700000,0 days 00:18:01,366049746,950.5,2,944.0,957.0,False,random_map,False,125283,6,random_map,normal,dark
arabia,2025-01-18 19:30:14+00:00,0 days 00:33:31.100000,0 days 00:19:43,366195092,1317.5,2,1315.0,1320.0,False,random_map,False,125283,6,random_map,normal,dark
megarandom,2025-01-14 04:15:52+00:00,0 days 00:37:03.600000,0 days 00:21:48,365226727,815.5,2,790.0,841.0,False,random_map,False,125283,6,random_map,normal,dark
megarandom,2025-01-14 19:43:38+00:00,0 days 00:54:01.900000,0 days 00:31:47,365342895,1095.0,4,1102.5,1087.5,False,team_random_map,False,125283,7,random_map,normal,dark
nomad,2025-01-16 16:12:37+00:00,0 days 00:41:16.900000,0 days 00:24:17,365697251,964.6666666666666,6,976.0,953.3333333333334,False,team_random_map,False,125283,8,random_map,normal,dark
nomad,2025-01-14 04:39:21+00:00,0 days 01:11:12.100000,0 days 00:41:53,365229362,979.3333333333334,6,985.0,973.6666666666666,False,team_random_map,False,125283,8,random_map,normal,dark
arabia,2025-01-16 20:14:26+00:00,0 days 00:30:22.400000,0 days 00:17:52,365742493,584.0,2,566.0,602.0,False,random_map,False,125283,6,random_map,normal,dark
megarandom,2025-01-16 22:14:18+00:00,0 days 01:01:27.300000,0 days 00:36:09,365766548,1167.5,8,1176.75,1158.25,False,team_random_map,False,125283,9,random_map,normal,dark
megarandom,2025-01-12 17:28:12+00:00,0 days 00:26:51.600000,0 days 00:15:48,364897127,940.125,8,910.0,970.25,False,team_random_map,False,125283,9,random_map,normal,dark
black_forest,2025-01-12 18:53:45+00:00,0 days 00:51:25.500000,0 days 00:30:15,364918270,1163.125,8,1159.75,1166.5,False,team_random_map,False,125283,9,random_map,normal,dark
arena,2025-01-18 16:18:29+00:00,0 days 00:46:09.300000,0 days 00:27:09,366151938,828.5,2,828.0,829.0,False,random_map,False,125283,6,random_map,normal,dark
arena,2025-01-17 15:57:11+00:00,0 days 00:00:10.200000,0 days 00:00:06,365899898,1175.5,2,1179.0,1172.0,False,random_map,False,125283,6,random_map,normal,dark
black_forest,2025-01-14 01:38:19+00:00,0 days 00:36:02.400000,0 days 00:21:12,365204481,1562.75,8,1565.5,1560.0,False,team_random_map,False,125283,9,random_map,normal,dark
arena,2025-01-15 22:55:19+00:00,0 days 01:07:58.300000,0 days 00:39:59,365577588,949.5,2,938.0,961.0,False,random_map,False,125283,6,random_map,normal,dark
arabia,2025-01-16 08:22:53+00:00,0 days 00:47:44.500000,0 days 00:28:05,365642572,1183.0,2,1166.0,1200.0,False,random_map,False,125283,6,random_map,normal,dark
african_clearing,2025-01-18 10:50:09+00:00,0 days 00:19:34.700000,0 days 00:11:31,366089800,1103.0,2,1089.0,1117.0,False,random_map,False,125283,6,random_map,normal,dark
arabia,2025-01-12 22:48:44+00:00,0 days 00:45:55.700000,0 days 00:27:01,364975759,809.1666666666666,6,796.3333333333334,822.0,False,team_random_map,False,125283,8,random_map,normal,dark
black_forest,2025-01-16 00:23:26+00:00,0 days 00:44:37.500000,0 days 00:26:15,365589701,900.0,4,880.5,919.5,False,team_random_map,False,125283,7,random_map,normal,dark
arabia,2025-01-16 04:35:47+00:00,0 days 00:24:50.900000,0 days 00:14:37,365623895,1176.0,2,1161.0,1191.0,False,random_map,False,125283,6,random_map,normal,dark
nomad,2025-01-18 05:57:59+00:00,0 days 00:58:52.600000,0 days 00:34:38,366056584,1347.5,8,1344.0,1351.0,False,team_random_map,False,125283,9,random_map,normal,dark
arabia,2025-01-16 17:06:08+00:00,0 days 00:21:03.100000,0 days 00:12:23,365706239,840.5,2,826.0,855.0,False,random_map,True,125283,6,random_map,normal,dark
hideout,2025-01-17 14:09:46+00:00,0 days 00:42:13,0 days 00:24:50,365880324,1223.25,4,1218.5,1228.0,False,team_random_map,False,125283,7,random_map,normal,dark
lombardia,2025-01-13 01:49:45+00:00,0 days 01:05:30.400000,0 days 00:38:32,365005700,1235.8333333333333,6,1224.6666666666667,1247.0,False,team_random_map,False,125283,8,random_map,normal,dark
arabia,2025-01-15 15:52:26+00:00,0 days 00:44:10.300000,0 days 00:25:59,365500040,1299.5,2,1312.0,1287.0,False,random_map,True,125283,6,random_map,normal,dark
megarandom,2025-01-16 14:20:20+00:00,0 days 00:30:24.100000,0 days 00:17:53,365679743,1288.5,2,1301.0,1276.0,False,random_map,False,125283,6,random_map,normal,dark
megarandom,2025-01-14 17:17:47+00:00,0 days 00:40:53.100000,0 days 00:24:03,365314715,1153.0,2,1140.0,1166.0,False,random_map,False,125283,6,random_map,normal,dark
arabia,2025-01-12 05:36:52+00:00,0 days 00:52:47.100000,0 days 00:31:03,364772571,912.0,2,921.0,903.0,False,random_map,False,125283,6,random_map,normal,dark
nomad,2025-01-12 23:23:46+00:00,0 days 00:55:25.200000,0 days 00:32:36,364982049,1352.125,8,1355.5,1348.75,False,team_random_map,False,125283,9,random_map,normal,dark
arena,2025-01-17 19:51:27+00:00,0 days 01:01:49.400000,0 days 00:36:22,365945873,487.0,2,473.0,501.0,False,random_map,False,125283,6,random_map,normal,dark
megarandom,2025-01-12 19:05:44+00:00,0 days 01:01:57.900000,0 days 00:36:27,364921279,1516.1666666666667,6,1515.3333333333333,1517.0,False,team_random_map,False,125283,8,random_map,normal,dark
african_clearing,2025-01-12 01:32:43+00:00,0 days 00:42:50.400000,0 days 00:25:12,364732657,1529.0,2,1525.0,1533.0,False,random_map,False,125283,6,random_map,normal,dark
lowland,2025-01-18 15:46:04+00:00,0 days 00:35:13.100000,0 days 00:20:43,366144661,1670.5,2,1638.0,1703.0,False,random_map,False,125283,6,random_map,normal,dark
hideout,2025-01-12 13:39:05+00:00,0 days 00:20:47.800000,0 days 00:12:14,364842997,1042.5,2,1039.0,1046.0,False,random_map,False,125283,6,random_map,normal,dark
arabia,2025-01-13 18:03:00+00:00,0 days 02:12:19,0 days 01:17:50,365122017,410.5,2,383.0,438.0,False,random_map,False,125283,6,random_map,normal,dark
arena,2025-01-15 04:43:19+00:00,0 days 00:58:16.900000,0 days 00:34:17,365429225,625.375,8,595.25,655.5,False,team_random_map,False,125283,9,random_map,normal,dark
hideout,2025-01-18 01:26:05+00:00,0 days 00:18:36.900000,0 days 00:10:57,366013295,1813.5,2,1801.0,1826.0,False,random_map,False,125283,6,random_map,normal,dark
african_clearing,2025-01-14 19:35:23+00:00,0 days 00:32:12.900000,0 days 00:18:57,365341338,713.5,2,691.0,736.0,False,random_map,False,125283,6,random_map,normal,dark
arabia,2025-01-17 01:20:07+00:00,0 days 00:53:07.500000,0 days 00:31:15,365793977,1067.0,2,1064.0,1070.0,False,random_map,False,125283,6,random_map,normal,dark
african_clearing,2025-01-16 01:50:40+00:00,0 days 00:43:56.700000,0 days 00:25:51,365601484,1014.0,2,1012.0,1016.0,False,random_map,False,125283,6,random_map,normal,dark
african_clearing,2025-01-17 15:57:34+00:00,0 days 00:28:59.100000,0 days 00:17:03,365899840,1222.0,2,1221.0,1223.0,False,random_map,False,125283,6,random_map,normal,dark
land_nomad,2025-01-12 19:10:48+00:00,0 days 00:47:36,0 days 00:28:00,364922545,1233.625,8,1237.0,1230.25,False,team_random_map,False,125283,9,random_map,normal,dark
arena,2025-01-18 19:56:43+00:00,0 days 01:00:36.300000,0 days 00:35:39,366201513,924.1666666666666,6,918.3333333333334,930.0,False,team_random_map,False,125283,8,random_map,normal,dark
arabia,2025-01-15 07:43:25+00:00,0 days 00:52:59,0 days 00:31:10,365444417,1017.75,4,1014.5,1021.0,False,team_random_map,False,125283,7,random_map,normal,dark
arabia,2025-01-16 02:30:24+00:00,0 days 00:34:57.800000,0 days 00:20:34,365607361,1081.0,2,1046.0,1116.0,False,co_random_map,True,125283,66,random_map,normal,dark
arabia,2025-01-13 18:00:52+00:00,0 days 00:40:03.800000,0 days 00:23:34,365121735,784.0,2,774.0,794.0,False,random_map,False,125283,6,random_map,normal,dark
arabia,2025-01-12 01:49:43+00:00,0 days 00:27:03.500000,0 days 00:15:55,364735532,681.5,2,670.0,693.0,False,random_map,False,125283,6,random_map,normal,dark
acropolis,2025-01-18 12:36:27+00:00,0 days 00:34:11.900000,0 days 00:20:07,366105701,524.0,2,489.0,559.0,False,random_map,False,125283,6,random_map,normal,dark
acropolis,2025-01-16 04:53:39+00:00,0 days 00:28:21.700000,0 days 00:16:41,365625744,966.0,2,958.0,974.0,False,random_map,False,125283,6,random_map,normal,dark
lombardia,2025-01-17 21:37:11+00:00,0 days 00:46:24.600000,0 days 00:27:18,365970393,1173.8333333333333,6,1173.0,1174.6666666666667,False,team_random_map,False,125283,8,random_map,normal,dark
lombardia,2025-01-12 23:21:28+00:00,0 days 00:49:09.500000,0 days 00:28:55,364981766,963.5,4,957.5,969.5,False,team_random_map,False,125283,7,random_map,normal,dark
megarandom,2025-01-17 23:28:01+00:00,0 days 00:46:16.100000,0 days 00:27:13,365993979,1045.75,8,1065.0,1026.5,False,team_random_map,False,125283,9,random_map,normal,dark
arena,2025-01-17 07:37:31+00:00,0 days 00:24:54.300000,0 days 00:14:39,365838481,529.0,2,566.0,492.0,False,random_map,False,125283,6,random_map,normal,dark
arabia,2025-01-12 11:15:52+00:00,0 days 01:20:09.300000,0 days 00:47:09,364816103,718.5,2,732.0,705.0,False,random_map,False,125283,6,random_map,normal,dark
hideout,2025-01-14 20:39:54+00:00,0 days 00:46:31.400000,0 days 00:27:22,365354915,1013.5,2,1017.0,1010.0,False,random_map,False,125283,6,random_map,normal,dark
arena,2025-01-14 08:59:31+00:00,0 days 00:01:16.500000,0 days 00:00:45,365250992,1443.875,8,1463.5,1424.25,False,team_random_map,False,125283,9,random_map,normal,dark
arena,2025-01-13 20:42:44+00:00,0 days 00:46:58.600000,0 days 00:27:38,365155260,974.0,8,985.25,962.75,False,team_random_map,False,125283,9,random_map,normal,dark
arabia,2025-01-18 01:39:01+00:00,0 days 00:05:00.900000,0 days 00:02:57,366015376,1004.0,2,1003.0,1005.0,False,random_map,False,125283,6,random_map,normal,dark
black_forest,2025-01-18 23:57:28+00:00,0 days 01:05:50.800000,0 days 00:38:44,366255879,904.25,4,904.0,904.5,False,team_random_map,False,125283,7,random_map,normal,dark
nomad,2025-01-14 02:26:32+00:00,0 days 00:40:36.100000,0 days 00:23:53,365211707,1246.25,8,1233.25,1259.25,False,team_random_map,False,125283,9,random_map,normal,dark
arabia,2025-01-14 02:42:16+00:00,0 days 00:37:32.500000,0 days 00:22:05,365214038,1341.5,2,1323.0,1360.0,False,random_map,False,125283,6,random_map,normal,dark
megarandom,2025-01-14 12:20:44+00:00,0 days 00:15:45.200000,0 days 00:09:16,365269639,1107.5,2,1121.0,1094.0,False,random_map,False,125283,6,random_map,normal,dark
arabia,2025-01-15 15:20:07+00:00,0 days 00:52:21.600000,0 days 00:30:48,365494742,968.5,4,970.0,967.0,False,team_random_map,False,125283,7,random_map,normal,dark
megarandom,2025-01-15 13:21:16+00:00,0 days 00:29:31.400000,0 days 00:17:22,365476167,788.0,2,774.0,802.0,False,random_map,False,125283,6,random_map,normal,dark
arena,2025-01-12 09:02:51+00:00,0 days 01:00:05.700000,0 days 00:35:21,364798484,1141.6666666666667,6,1169.6666666666667,1113.6666666666667,False,team_random_map,False,125283,8,random_map,normal,dark
nomad,2025-01-15 15:10:06+00:00,0 days 00:30:36,0 days 00:18:00,365493175,1026.125,8,1022.25,1030.0,False,team_random_map,False,125283,9,random_map,normal,dark
arabia,2025-01-14 01:18:05+00:00,0 days 00:44:51.100000,0 days 00:26:23,365201540,1191.0,2,1199.0,1183.0,False,random_map,False,125283,6,random_map,normal,dark
arabia,2025-01-16 19:43:10+00:00,0 days 00:35:50.500000,0 days 00:21:05,365735880,1086.5,2,1085.0,1088.0,False,random_map,False,125283,6,random_map,normal,dark
african_clearing,2025-01-18 18:00:18+00:00,0 days 00:40:03.800000,0 days 00:23:34,366174133,1370.5,2,1355.0,1386.0,False,random_map,False,125283,6,random_map,normal,dark
nomad,2025-01-13 20:55:54+00:00,0 days 00:37:59.700000,0 days 00:22:21,365158133,1055.3333333333333,6,1043.0,1067.6666666666667,False,team_random_map,False,125283,8,random_map,normal,dark
nomad,2025-01-12 01:16:29+00:00,0 days 00:50:44.700000,0 days 00:29:51,364729930,1163.6666666666667,6,1163.0,1164.3333333333333,False,team_random_map,False,125283,8,random_map,normal,dark
arabia,2025-01-17 07:28:39+00:00,0 days 01:00:05.700000,0 days 00:35:21,365837767,990.5,2,987.0,994.0,False,random_map,False,125283,6,random_map,normal,dark
arabia,2025-01-14 14:48:49+00:00,0 days 00:29:26.300000,0 days 00:17:19,365291065,996.5,2,986.0,1007.0,False,random_map,False,125283,6,random_map,normal,dark
african_clearing,2025-01-17 00:52:17+00:00,0 days 00:42:09.600000,0 days 00:24:48,365790216,952.5,2,950.0,955.0,False,random_map,False,125283,6,random_map,normal,dark
african_clearing,2025-01-15 23:03:18+00:00,0 days 00:51:37.400000,0 days 00:30:22,365578830,1238.0,2,1227.0,1249.0,False,random_map,False,125283,6,random_map,normal,dark
lowland,2025-01-16 17:50:15+00:00,0 days 00:16:24.300000,0 days 00:09:39,365713811,1039.5,2,1048.0,1031.0,False,random_map,False,125283,6,random_map,normal,dark
arabia,2025-01-15 12:48:40+00:00,0 days 00:37:24,0 days 00:22:00,365471737,1034.0,2,1031.0,1037.0,False,random_map,False,125283,6,random_map,normal,dark
arabia,2025-01-14 22:52:23+00:00,0 days 00:46:58.600000,0 days 00:27:38,365379498,1113.0,2,1116.0,1110.0,False,random_map,False,125283,6,random_map,normal,dark
arabia,2025-01-13 09:45:17+00:00,0 days 00:41:49.200000,0 days 00:24:36,365054304,1469.5,2,1456.0,1483.0,False,random_map,False,125283,6,random_map,normal,dark
arabia,2025-01-16 17:16:02+00:00,0 days 00:43:26.100000,0 days 00:25:33,365707881,1315.5,2,1313.0,1318.0,False,random_map,False,125283,6,random_map,normal,dark
megarandom,2025-01-12 08:15:34+00:00,0 days 00:00:22.100000,0 days 00:00:13,364792754,1152.5,2,1132.0,1173.0,False,random_map,False,125283,6,random_map,normal,dark
black_forest,2025-01-14 09:48:27+00:00,0 days 00:46:28,0 days 00:27:20,365254835,1317.0,4,1335.0,1299.0,False,team_random_map,False,125283,7,random_map,normal,dark
arabia,2025-01-16 18:43:46+00:00,0 days 00:53:17.700000,0 days 00:31:21,365723705,1443.0,2,1442.0,1444.0,False,random_map,False,125283,6,random_map,normal,dark
land_nomad,2025-01-12 14:52:40+00:00,0 days 00:27:35.800000,0 days 00:16:14,364859771,1318.75,4,1301.0,1336.5,False,team_random_map,False,125283,7,random_map,normal,dark
arena,2025-01-12 23:11:14+00:00,0 days 00:35:50.500000,0 days 00:21:05,364979954,690.5,2,689.0,692.0,False,random_map,False,125283,6,random_map,normal,dark
african_clearing,2025-01-18 11:20:28+00:00,0 days 00:49:14.600000,0 days 00:28:58,366093900,1290.0,2,1272.0,1308.0,False,random_map,True,125283,6,random_map,normal,dark
arabia,2025-01-14 13:07:02+00:00,0 days 00:17:03.400000,0 days 00:10:02,365275556,1356.0,2,1375.0,1337.0,False,random_map,False,125283,6,random_map,normal,dark
black_forest,2025-01-18 20:31:22+00:00,0 days 00:56:14.500000,0 days 00:33:05,366210287,824.375,8,832.0,816.75,False,team_random_map,False,125283,9,random_map,normal,dark
land_nomad,2025-01-13 21:50:25+00:00,0 days 00:30:37.700000,0 days 00:18:01,365169138,1368.0,4,1373.5,1362.5,False,team_random_map,False,125283,7,random_map,normal,dark
arabia,2025-01-13 09:19:03+00:00,0 days 01:05:15.100000,0 days 00:38:23,365052294,1269.5,2,1260.0,1279.0,False,random_map,False,125283,6,random_map,normal,dark
arena,2025-01-18 09:01:54+00:00,0 days 00:59:41.900000,0 days 00:35:07,366077307,910.0,2,903.0,917.0,False,random_map,False,125283,6,random_map,normal,dark
arabia,2025-01-15 20:41:02+00:00,0 days 00:46:16.100000,0 days 00:27:13,365552621,1605.5,2,1651.0,1560.0,False,random_map,False,125283,6,random_map,normal,dark
arabia,2025-01-15 14:39:22+00:00,0 days 00:34:45.900000,0 days 00:20:27,365488065,1203.0,2,1211.0,1195.0,False,random_map,False,125283,6,random_map,normal,dark
arabia,2025-01-14 00:02:20+00:00,0 days 00:33:07.300000,0 days 00:19:29,365190820,981.5,2,975.0,988.0,False,random_map,False,125283,6,random_map,normal,dark
arabia,2025-01-12 18:33:10+00:00,0 days 00:16:49.800000,0 days 00:09:54,364913188,1089.5,2,1087.0,1092.0,False,random_map,False,125283,6,random_map,normal,dark
arena,2025-01-12 11:15:47+00:00,0 days 00:18:02.900000,0 days 00:10:37,364816077,1372.0,2,1196.0,1548.0,False,co_random_map,False,125283,66,random_map,normal,dark
arabia,2025-01-15 17:14:57+00:00,0 days 00:43:38,0 days 00:25:40,365513302,1165.5,2,1177.0,1154.0,False,random_map,False,125283,6,random_map,normal,dark
lombardia,2025-01-12 16:39:37+00:00,0 days 00:33:37.900000,0 days 00:19:47,364885380,1153.3333333333333,6,1356.0,950.6666666666666,False,co_team_random_map,False,125283,68,random_map,normal,dark
arabia,2025-01-16 22:05:28+00:00,0 days 00:48:27,0 days 00:28:30,365765062,1355.0,2,1344.0,1366.0,False,random_map,False,125283,6,random_map,normal,dark
lowland,2025-01-18 22:02:53+00:00,0 days 00:38:59.200000,0 days 00:22:56,366233038,1361.0,2,1376.0,1346.0,False,random_map,False,125283,6,random_map,normal,dark
hideout,2025-01-15 02:37:06+00:00,0 days 00:40:27.600000,0 days 00:23:48,365412348,796.5,2,793.0,800.0,False,random_map,False,125283,6,random_map,normal,dark
arabia,2025-01-18 19:35:09+00:00,0 days 00:14:54.200000,0 days 00:08:46,366196117,2173.0,2,2169.0,2177.0,False,random_map,False,125283,6,random_map,normal,dark
arena,2025-01-12 11:24:20+00:00,0 days 00:24:20.300000,0 days 00:14:19,364817607,504.0,2,496.0,512.0,False,random_map,False,125283,6,random_map,normal,dark
arabia,2025-01-15 13:45:05+00:00,0 days 00:00:27.200000,0 days 00:00:16,365479617,894.5,2,892.0,897.0,False,random_map,False,125283,6,random_map,normal,dark
hideout,2025-01-15 02:11:01+00:00,0 days 01:18:23.900000,0 days 00:46:07,365408395,1244.0,2,1271.0,1217.0,False,random_map,True,125283,6,random_map,normal,dark
gold_rush,2025-01-17 19:49:25+00:00,0 days 00:14:47.400000,0 days 00:08:42,365945388,760.75,4,789.0,732.5,False,team_random_map,False,125283,7,random_map,normal,dark
black_forest,2025-01-12 21:30:47+00:00,0 days 01:02:16.600000,0 days 00:36:38,364958672,782.0,4,783.0,781.0,False,team_random_map,False,125283,7,random_map,normal,dark
arena,2025-01-15 13:14:19+00:00,0 days 00:48:50.800000,0 days 00:28:44,365475125,1039.6666666666667,6,1021.6666666666666,1057.6666666666667,False,team_random_map,False,125283,8,random_map,normal,dark
african_clearing,2025-01-18 01:46:05+00:00,0 days 00:00:15.300000,0 days 00:00:09,366016711,978.5,2,975.0,982.0,False,random_map,False,125283,6,random_map,normal,dark
black_forest,2025-01-13 16:37:17+00:00,0 days 00:06:34.400000,0 days 00:03:52,365107478,1239.1666666666667,6,1241.6666666666667,1236.6666666666667,False,team_random_map,False,125283,8,random_map,normal,dark
hideout,2025-01-18 18:01:42+00:00,0 days 00:51:11.900000,0 days 00:30:07,366174353,1122.5,2,1120.0,1125.0,False,random_map,False,125283,6,random_map,normal,dark
arabia,2025-01-13 08:56:13+00:00,0 days 00:37:52.900000,0 days 00:22:17,365050653,429.0,2,362.0,496.0,False,random_map,False,125283,6,random_map,normal,dark
lombardia,2025-01-18 18:58:58+00:00,0 days 00:56:23,0 days 00:33:10,366187367,993.25,4,992.0,994.5,False,team_random_map,False,125283,7,random_map,normal,dark
arena,2025-01-15 04:57:57+00:00,0 days 00:41:49.200000,0 days 00:24:36,365430729,763.75,8,762.75,764.75,False,team_random_map,False,125283,9,random_map,normal,dark
arabia,2025-01-18 05:33:23+00:00,0 days 00:50:26,0 days 00:29:40,366053456,1409.0,2,1401.0,1417.0,False,random_map,False,125283,6,random_map,normal,dark
african_clearing,2025-01-13 17:39:21+00:00,0 days 00:36:26.200000,0 days 00:21:26,365117917,1660.0,2,1632.0,1688.0,False,random_map,False,125283,6,random_map,normal,dark
arabia,2025-01-17 18:26:17+00:00,0 days 00:52:43.700000,0 days 00:31:01,365928391,1762.0,2,1745.0,1779.0,False,random_map,False,125283,6,random_map,normal,dark
acropolis,2025-01-17 20:14:09+00:00,0 days 00:41:50.900000,0 days 00:24:37,365950902,1136.5,2,1133.0,1140.0,False,random_map,False,125283,6,random_map,normal,dark
arabia,2025-01-13 02:10:13+00:00,0 days 00:22:38.300000,0 days 00:13:19,365009102,487.5,2,470.0,505.0,False,random_map,False,125283,6,random_map,normal,dark
african_clearing,2025-01-18 01:01:58+00:00,0 days 00:52:48.800000,0 days 00:31:04,366009594,1131.0,2,1158.0,1104.0,False,random_map,False,125283,6,random_map,normal,dark
gold_rush,2025-01-16 19:04:59+00:00,0 days 00:21:09.900000,0 days 00:12:27,365727742,1385.0,4,1435.0,1335.0,False,team_random_map,False,125283,7,random_map,normal,dark
arabia,2025-01-14 03:25:11+00:00,0 days 00:44:01.800000,0 days 00:25:54,365220305,1508.5,2,1451.0,1566.0,False,random_map,False,125283,6,random_map,normal,dark
megarandom,2025-01-16 21:22:58+00:00,0 days 00:55:13.300000,0 days 00:32:29,365757022,854.5,2,844.0,865.0,False,random_map,False,125283,6,random_map,normal,dark
lowland,2025-01-15 22:38:34+00:00,0 days 00:47:59.800000,0 days 00:28:14,365574881,1039.0,2,1053.0,1025.0,False,random_map,False,125283,6,random_map,normal,dark
lombardia,2025-01-16 23:14:08+00:00,0 days 00:12:24.600000,0 days 00:07:18,365776252,1005.75,8,1005.25,1006.25,False,team_random_map,False,125283,9,random_map,normal,dark
black_forest,2025-01-15 10:17:28+00:00,0 days 00:42:19.800000,0 days 00:24:54,365456167,946.5,4,955.5,937.5,False,team_random_map,False,125283,7,random_map,normal,dark
arabia,2025-01-18 00:24:26+00:00,0 days 00:48:49.100000,0 days 00:28:43,366003694,1400.5,2,1400.0,1401.0,False,random_map,False,125283,6,random_map,normal,dark
megarandom,2025-01-18 21:00:32+00:00,0 days 01:39:37.200000,0 days 00:58:36,366217858,781.0,2,778.0,784.0,False,random_map,False,125283,6,random_map,normal,dark
arena,2025-01-17 10:52:55+00:00,0 days 00:53:16,0 days 00:31:20,365854644,1189.5,2,1177.0,1202.0,False,random_map,False,125283,6,random_map,normal,dark
lowland,2025-01-14 16:37:10+00:00,0 days 00:05:36.600000,0 days 00:03:18,365307980,1283.5,2,1282.0,1285.0,False,random_map,False,125283,6,random_map,normal,dark
land_nomad,2025-01-16 16:59:57+00:00,0 days 01:33:38.500000,0 days 00:55:05,365705081,1110.6666666666667,6,1117.3333333333333,1104.0,False,team_random_map,False,125283,8,random_map,normal,dark
megarandom,2025-01-16 18:08:31+00:00,0 days 00:14:20.200000,0 days 00:08:26,365716943,1779.75,8,1889.0,1670.5,False,team_random_map,False,125283,9,random_map,normal,dark
arabia,2025-01-15 15:15:12+00:00,0 days 00:24:32.200000,0 days 00:14:26,365493923,2018.5,2,2077.0,1960.0,False,random_map,False,125283,6,random_map,normal,dark
black_forest,2025-01-17 00:29:40+00:00,0 days 01:27:09.200000,0 days 00:51:16,365786970,743.375,8,773.25,713.5,False,team_random_map,False,125283,9,random_map,normal,dark
acropolis,2025-01-12 21:04:40+00:00,0 days 00:59:58.900000,0 days 00:35:17,364952096,732.0,2,723.0,741.0,False,random_map,False,125283,6,random_map,normal,dark
nomad,2025-01-17 10:02:10+00:00,0 days 00:46:36.500000,0 days 00:27:25,365849900,1302.25,8,1303.0,1301.5,False,team_random_map,False,125283,9,random_map,normal,dark
black_forest,2025-01-17 02:44:07+00:00,0 days 00:45:26.800000,0 days 00:26:44,365806356,1095.0,4,1098.5,1091.5,False,co_team_random_map,False,125283,67,random_map,normal,dark
arabia,2025-01-15 23:59:54+00:00,0 days 00:56:21.300000,0 days 00:33:09,365586533,923.5,2,900.0,947.0,False,random_map,False,125283,6,random_map,normal,dark
african_clearing,2025-01-16 06:06:19+00:00,0 days 00:41:08.400000,0 days 00:24:12,365632516,1400.5,2,1341.0,1460.0,False,random_map,False,125283,6,random_map,normal,dark
arabia,2025-01-15 19:35:45+00:00,0 days 00:20:05.300000,0 days 00:11:49,365539157,1349.5,2,1364.0,1335.0,False,random_map,False,125283,6,random_map,normal,dark
gold_rush,2025-01-15 06:51:21+00:00,0 days 01:01:57.900000,0 days 00:36:27,365440731,1246.8333333333333,6,1253.3333333333333,1240.3333333333333,False,team_random_map,False,125283,8,random_map,normal,dark
arabia,2025-01-16 17:00:23+00:00,0 days 01:02:33.600000,0 days 00:36:48,365705173,1327.5,2,1321.0,1334.0,False,random_map,False,125283,6,random_map,normal,dark
arena,2025-01-15 14:47:51+00:00,0 days 00:44:56.200000,0 days 00:26:26,365489350,1900.0,2,1849.0,1951.0,False,co_random_map,False,125283,66,random_map,normal,dark
acropolis,2025-01-16 20:33:10+00:00,0 days 00:25:16.400000,0 days 00:14:52,365746750,1427.0,2,1425.0,1429.0,False,random_map,False,125283,6,random_map,normal,dark
arena,2025-01-14 15:08:31+00:00,0 days 00:43:32.900000,0 days 00:25:37,365294079,1205.75,8,1207.75,1203.75,False,team_random_map,False,125283,9,random_map,normal,dark
land_nomad,2025-01-12 20:44:52+00:00,0 days 00:58:40.700000,0 days 00:34:31,364947222,1017.3333333333334,6,1019.0,1015.6666666666666,False,team_random_map,False,125283,8,random_map,normal,dark
arabia,2025-01-18 22:55:24+00:00,0 days 01:22:55.900000,0 days 00:48:47,366244573,2455.5,2,2408.0,2503.0,False,random_map,False,125283,6,random_map,normal,dark
arabia,2025-01-15 01:41:08+00:00,0 days 00:37:58,0 days 00:22:20,365403802,1181.75,4,1175.0,1188.5,False,team_random_map,False,125283,7,random_map,normal,dark
megarandom,2025-01-12 16:41:48+00:00,0 days 00:45:59.100000,0 days 00:27:03,364885919,1166.0,4,1159.0,1173.0,False,team_random_map,False,125283,7,random_map,normal,dark
arena,2025-01-16 19:46:41+00:00,0 days 00:33:03.900000,0 days 00:19:27,365736463,1880.5,2,1879.0,1882.0,False,random_map,False,125283,6,random_map,normal,dark
acropolis,2025-01-12 00:01:55+00:00,0 days 01:12:54.100000,0 days 00:42:53,364717660,741.0,2,736.0,746.0,False,random_map,False,125283,6,random_map,normal,dark
hideout,2025-01-14 12:18:18+00:00,0 days 01:08:51,0 days 00:40:30,365269380,1013.5,2,998.0,1029.0,False,random_map,False,125283,6,random_map,normal,dark
arabia,2025-01-16 03:54:40+00:00,0 days 00:17:23.800000,0 days 00:10:14,365618797,738.5,2,750.0,727.0,False,random_map,False,125283,6,random_map,normal,dark
african_clearing,2025-01-12 02:27:04+00:00,0 days 00:45:04.700000,0 days 00:26:31,364741717,1331.5,2,1330.0,1333.0,False,random_map,False,125283,6,random_map,normal,dark
arena,2025-01-12 10:20:13+00:00,0 days 00:30:02,0 days 00:17:40,364808127,1040.1666666666667,6,1012.6666666666666,1067.6666666666667,False,team_random_map,False,125283,8,random_map,normal,dark
hideout,2025-01-14 06:05:40+00:00,0 days 00:30:58.100000,0 days 00:18:13,365237721,1336.125,8,1337.0,1335.25,False,team_random_map,False,125283,9,random_map,normal,dark
african_clearing,2025-01-15 00:44:41+00:00,0 days 00:55:59.200000,0 days 00:32:56,365395766,1175.5,2,1174.0,1177.0,False,random_map,False,125283,6,random_map,normal,dark
lombardia,2025-01-13 00:21:39+00:00,0 days 00:34:35.700000,0 days 00:20:21,364991633,1227.25,4,1220.0,1234.5,False,team_random_map,False,125283,7,random_map,normal,dark
hideout,2025-01-12 11:33:51+00:00,0 days 00:33:10.700000,0 days 00:19:31,364819120,1635.0,2,1613.0,1657.0,False,random_map,True,125283,6,random_map,normal,dark
african_clearing,2025-01-14 03:43:44+00:00,0 days 00:54:34.200000,0 days 00:32:06,365222655,1184.5,2,1183.0,1186.0,False,random_map,False,125283,6,random_map,normal,dark
acropolis,2025-01-13 15:50:58+00:00,0 days 00:00:11.900000,0 days 00:00:07,365100256,1111.0,2,1110.0,1112.0,False,random_map,False,125283,6,random_map,normal,dark
arena,2025-01-16 14:01:46+00:00,0 days 00:45:25.100000,0 days 00:26:43,365676914,899.0,2,774.0,1024.0,False,co_random_map,False,125283,66,random_map,normal,dark
arena,2025-01-18 16:15:35+00:00,0 days 01:02:11.500000,0 days 00:36:35,366151102,1053.625,8,1065.25,1042.0,False,team_random_map,False,125283,9,random_map,normal,dark
arabia,2025-01-12 06:41:53+00:00,0 days 00:29:36.500000,0 days 00:17:25,364781354,704.0,4,713.5,694.5,False,team_random_map,False,125283,7,random_map,normal,dark
arabia,2025-01-12 10:11:40+00:00,0 days 00:32:18,0 days 00:19:00,364807054,1341.5,2,1331.0,1352.0,False,random_map,False,125283,6,random_map,normal,dark
acropolis,2025-01-16 20:57:13+00:00,0 days 00:14:10,0 days 00:08:20,365751805,1106.0,2,1095.0,1117.0,False,random_map,False,125283,6,random_map,normal,dark
black_forest,2025-01-13 02:06:05+00:00,0 days 00:18:21.600000,0 days 00:10:48,365008277,852.5,8,872.5,832.5,False,team_random_map,False,125283,9,random_map,normal,dark
arabia,2025-01-15 20:54:35+00:00,0 days 00:27:40.900000,0 days 00:16:17,365555441,1073.0,2,1042.0,1104.0,False,random_map,False,125283,6,random_map,normal,dark
nomad,2025-01-13 01:48:42+00:00,0 days 00:24:57.700000,0 days 00:14:41,365005506,1469.75,4,1441.5,1498.0,False,team_random_map,False,125283,7,random_map,normal,dark
arena,2025-01-13 20:45:11+00:00,0 days 00:00:15.300000,0 days 00:00:09,365155992,664.5,2,663.0,666.0,False,random_map,False,125283,6,random_map,normal,dark
arena,2025-01-12 23:53:31+00:00,0 days 00:49:29.900000,0 days 00:29:07,364987134,439.5,2,395.0,484.0,False,random_map,False,125283,6,random_map,normal,dark
arabia,2025-01-14 20:14:21+00:00,0 days 00:32:55.400000,0 days 00:19:22,365349581,1152.5,4,1143.0,1162.0,False,team_random_map,False,125283,7,random_map,normal,dark
arabia,2025-01-16 14:20:42+00:00,0 days 01:02:09.800000,0 days 00:36:34,365679659,843.0,2,833.0,853.0,False,random_map,False,125283,6,random_map,normal,dark
arabia,2025-01-12 12:30:14+00:00,0 days 00:51:10.200000,0 days 00:30:06,364829014,1075.0,2,1081.0,1069.0,False,random_map,False,125283,6,random_map,normal,dark
arabia,2025-01-14 01:10:03+00:00,0 days 00:48:52.500000,0 days 00:28:45,365200462,1038.0,2,1029.0,1047.0,False,random_map,False,125283,6,random_map,normal,dark
african_clearing,2025-01-16 23:20:00+00:00,0 days 00:36:56.800000,0 days 00:21:44,365777210,891.5,2,879.0,904.0,False,random_map,False,125283,6,random_map,normal,dark
black_forest,2025-01-16 14:04:37+00:00,0 days 00:35:40.300000,0 days 00:20:59,365677150,1340.875,8,1367.0,1314.75,False,team_random_map,False,125283,9,random_map,normal,dark
arena,2025-01-13 10:02:05+00:00,0 days 00:06:14,0 days 00:03:40,365055625,1754.0,2,1743.0,1765.0,False,random_map,False,125283,6,random_map,normal,dark
gold_rush,2025-01-12 09:22:05+00:00,0 days 00:40:29.300000,0 days 00:23:49,364800804,1230.125,8,1229.0,1231.25,False,team_random_map,False,125283,9,random_map,normal,dark
arabia,2025-01-16 05:19:37+00:00,0 days 00:54:15.500000,0 days 00:31:55,365628336,839.5,2,838.0,841.0,False,random_map,False,125283,6,random_map,normal,dark
arabia,2025-01-12 15:22:57+00:00,0 days 00:42:04.500000,0 days 00:24:45,364867041,1726.0,2,1765.0,1687.0,False,random_map,False,125283,6,random_map,normal,dark
land_nomad,2025-01-15 04:10:52+00:00,0 days 00:42:40.200000,0 days 00:25:06,365425377,1325.0,8,1352.0,1298.0,False,team_random_map,False,125283,9,random_map,normal,dark
hideout,2025-01-14 16:11:58+00:00,0 days 00:52:11.400000,0 days 00:30:42,365304063,992.375,8,995.0,989.75,False,team_random_map,False,125283,9,random_map,normal,dark
megarandom,2025-01-14 20:12:18+00:00,0 days 00:23:17.400000,0 days 00:13:42,365349051,759.5,2,746.0,773.0,False,random_map,False,125283,6,random_map,normal,dark
land_nomad,2025-01-13 16:51:56+00:00,0 days 00:49:53.700000,0 days 00:29:21,365109919,1464.75,4,1563.5,1366.0,False,team_random_map,False,125283,7,random_map,normal,dark
arena,2025-01-17 13:12:34+00:00,0 days 00:48:10,0 days 00:28:20,365871364,945.75,8,962.25,929.25,False,team_random_map,False,125283,9,random_map,normal,dark
black_forest,2025-01-12 05:03:02+00:00,0 days 00:12:36.500000,0 days 00:07:25,364767721,1038.3333333333333,6,1031.3333333333333,1045.3333333333333,False,team_random_map,False,125283,8,random_map,normal,dark
arena,2025-01-13 03:38:32+00:00,0 days 00:36:05.800000,0 days 00:21:14,365022259,1352.5,8,1348.25,1356.75,False,team_random_map,False,125283,9,random_map,normal,dark
gold_rush,2025-01-12 16:27:39+00:00,0 days 00:54:47.800000,0 days 00:32:14,364882460,1300.25,8,1301.75,1298.75,False,team_random_map,False,125283,9,random_map,normal,dark
arabia,2025-01-14 01:48:58+00:00,0 days 00:11:38.700000,0 days 00:06:51,365206275,1538.0,2,1497.0,1579.0,False,random_map,False,125283,6,random_map,normal,dark
nomad,2025-01-12 05:33:25+00:00,0 days 00:41:30.500000,0 days 00:24:25,364772055,1258.0,4,1254.0,1262.0,False,team_random_map,False,125283,7,random_map,normal,dark
lowland,2025-01-15 17:07:52+00:00,0 days 00:49:28.200000,0 days 00:29:06,365512059,1345.5,2,1338.0,1353.0,False,random_map,True,125283,6,random_map,normal,dark
arabia,2025-01-14 11:31:47+00:00,0 days 00:32:06.100000,0 days 00:18:53,365264073,1106.0,2,1096.0,1116.0,False,random_map,False,125283,6,random_map,normal,dark
megarandom,2025-01-14 14:34:29+00:00,0 days 00:11:35.300000,0 days 00:06:49,365288636,1231.0,2,1225.0,1237.0,False,random_map,False,125283,6,random_map,normal,dark
arena,2025-01-12 14:32:18+00:00,0 days 00:34:00,0 days 00:20:00,364855039,838.8333333333334,6,833.0,844.6666666666666,False,team_random_map,False,125283,8,random_map,normal,dark
gold_rush,2025-01-17 05:40:36+00:00,0 days 00:10:06.900000,0 days 00:05:57,365828650,1767.625,8,1786.25,1749.0,False,team_random_map,False,125283,9,random_map,normal,dark
arena,2025-01-13 19:34:58+00:00,0 days 00:42:53.800000,0 days 00:25:14,365140456,1194.5,2,1179.0,1210.0,False,random_map,False,125283,6,random_map,normal,dark
arabia,2025-01-13 13:09:55+00:00,0 days 00:00:32.300000,0 days 00:00:19,365074920,881.0,2,896.0,866.0,False,random_map,False,125283,6,random_map,normal,dark
nomad,2025-01-12 02:19:48+00:00,0 days 00:49:26.500000,0 days 00:29:05,364740517,1128.25,4,1108.0,1148.5,False,co_team_random_map,False,125283,67,random_map,normal,dark
arabia,2025-01-17 22:12:17+00:00,0 days 00:44:13.700000,0 days 00:26:01,365978749,1258.0,2,1250.0,1266.0,False,random_map,False,125283,6,random_map,normal,dark
arabia,2025-01-14 16:30:59+00:00,0 days 00:58:20.300000,0 days 00:34:19,365307076,1046.0,2,1044.0,1048.0,False,random_map,False,125283,6,random_map,normal,dark
nomad,2025-01-15 20:02:01+00:00,0 days 00:35:47.100000,0 days 00:21:03,365544564,1224.75,4,1235.0,1214.5,False,team_random_map,False,125283,7,random_map,normal,dark
arabia,2025-01-13 17:48:15+00:00,0 days 00:39:34.900000,0 days 00:23:17,365119343,877.0,4,870.0,884.0,False,team_random_map,False,125283,7,random_map,normal,dark
arabia,2025-01-16 20:38:35+00:00,0 days 00:51:44.200000,0 days 00:30:26,365747832,1018.0,2,1018.0,1018.0,False,random_map,True,125283,6,random_map,normal,dark
lowland,2025-01-15 17:30:48+00:00,0 days 01:03:22.900000,0 days 00:37:17,365516095,656.5,2,646.0,667.0,False,random_map,False,125283,6,random_map,normal,dark
gold_rush,2025-01-15 20:43:54+00:00,0 days 00:24:28.800000,0 days 00:14:24,365553263,532.0,4,542.5,521.5,False,team_random_map,False,125283,7,random_map,normal,dark
arabia,2025-01-14 21:21:29+00:00,0 days 00:07:35.600000,0 days 00:04:28,365363271,1107.5,2,1106.0,1109.0,False,random_map,False,125283,6,random_map,normal,dark
arabia,2025-01-17 19:07:19+00:00,0 days 00:30:25.800000,0 days 00:17:54,365936446,719.5,2,719.0,720.0,False,random_map,False,125283,6,random_map,normal,dark
arena,2025-01-17 09:37:57+00:00,0 days 00:11:55.700000,0 days 00:07:01,365847908,809.875,8,809.75,810.0,False,team_random_map,False,125283,9,random_map,normal,dark
arabia,2025-01-13 05:51:23+00:00,0 days 00:46:02.500000,0 days 00:27:05,365036833,998.0,2,989.0,1007.0,False,random_map,False,125283,6,random_map,normal,dark
land_nomad,2025-01-14 00:55:59+00:00,0 days 01:17:26.100000,0 days 00:45:33,365198341,997.75,8,1000.0,995.5,False,team_random_map,False,125283,9,random_map,normal,dark
arabia,2025-01-12 20:53:34+00:00,0 days 00:44:56.200000,0 days 00:26:26,364949422,1927.5,2,1925.0,1930.0,False,random_map,False,125283,6,random_map,normal,dark
arabia,2025-01-18 03:57:44+00:00,0 days 00:25:09.600000,0 days 00:14:48,366039249,2032.5,2,2007.0,2058.0,False,random_map,False,125283,6,random_map,normal,dark
megarandom,2025-01-17 14:15:20+00:00,0 days 00:42:47,0 days 00:25:10,365881367,1425.0,2,1408.0,1442.0,False,random_map,False,125283,6,random_map,normal,dark
nomad,2025-01-16 10:47:15+00:00,0 days 00:25:06.200000,0 days 00:14:46,365653711,1568.0,4,1559.0,1577.0,False,team_random_map,False,125283,7,random_map,normal,dark
arena,2025-01-12 04:51:43+00:00,0 days 00:25:11.300000,0 days 00:14:49,364766046,1033.0,2,1029.0,1037.0,False,random_map,False,125283,6,random_map,normal,dark
african_clearing,2025-01-14 17:39:54+00:00,0 days 00:26:19.300000,0 days 00:15:29,365318597,1171.0,2,1163.0,1179.0,False,random_map,False,125283,6,random_map,normal,dark
black_forest,2025-01-18 00:04:07+00:00,0 days 00:50:44.700000,0 days 00:29:51,366000254,707.375,8,711.5,703.25,False,team_random_map,False,125283,9,random_map,normal,dark
arena,2025-01-18 06:52:27+00:00,0 days 00:53:22.800000,0 days 00:31:24,366063053,1054.0,4,1055.0,1053.0,False,team_random_map,False,125283,7,random_map,normal,dark
arena,2025-01-16 09:02:53+00:00,0 days 00:43:44.800000,0 days 00:25:44,365645599,131.5,2,36.0,227.0,False,random_map,False,125283,6,random_map,normal,dark
nomad,2025-01-12 15:37:15+00:00,0 days 00:34:42.500000,0 days 00:20:25,364870286,1207.25,8,1192.0,1222.5,False,team_random_map,False,125283,9,random_map,normal,dark
arena,2025-01-13 13:22:35+00:00,0 days 00:39:51.900000,0 days 00:23:27,365076902,1120.5,2,1135.0,1106.0,False,random_map,False,125283,6,random_map,normal,dark
arabia,2025-01-15 12:23:20+00:00,0 days 00:15:12.900000,0 days 00:08:57,365468635,1447.0,2,1447.0,1447.0,False,random_map,False,125283,6,random_map,normal,dark
lowland,2025-01-14 03:25:25+00:00,0 days 00:54:13.800000,0 days 00:31:54,365220204,1318.0,2,1313.0,1323.0,False,random_map,False,125283,6,random_map,normal,dark
african_clearing,2025-01-18 03:14:08+00:00,0 days 01:24:19.200000,0 days 00:49:36,366031699,1061.0,2,1046.0,1076.0,False,random_map,False,125283,6,random_map,normal,dark
african_clearing,2025-01-16 13:44:03+00:00,0 days 00:36:26.200000,0 days 00:21:26,365674340,1013.5,2,1010.0,1017.0,False,random_map,False,125283,6,random_map,normal,dark
arena,2025-01-18 10:50:47+00:00,0 days 01:16:19.800000,0 days 00:44:54,366089873,730.25,8,734.5,726.0,False,team_random_map,False,125283,9,random_map,normal,dark
arabia,2025-01-14 14:37:29+00:00,0 days 00:23:44.600000,0 days 00:13:58,365289307,981.0,2,965.0,997.0,False,random_map,False,125283,6,random_map,normal,dark
megarandom,2025-01-18 00:23:22+00:00,0 days 00:15:33.300000,0 days 00:09:09,366003515,1444.75,4,1444.5,1445.0,False,team_random_map,False,125283,7,random_map,normal,dark
arena,2025-01-13 12:58:50+00:00,0 days 00:33:43,0 days 00:19:50,365073492,1132.5,2,1119.0,1146.0,False,random_map,False,125283,6,random_map,normal,dark
megarandom,2025-01-18 12:34:33+00:00,0 days 00:58:54.300000,0 days 00:34:39,366105392,1593.5,2,1583.0,1604.0,False,random_map,False,125283,6,random_map,normal,dark
african_clearing,2025-01-12 11:37:34+00:00,0 days 00:52:26.700000,0 days 00:30:51,364819804,907.0,2,894.0,920.0,False,random_map,False,125283,6,random_map,normal,dark
arabia,2025-01-12 08:57:37+00:00,0 days 00:55:40.500000,0 days 00:32:45,364797939,1214.5,2,1194.0,1235.0,False,random_map,False,125283,6,random_map,normal,dark
black_forest,2025-01-12 21:53:13+00:00,0 days 01:11:41,0 days 00:42:10,364964028,780.625,8,798.25,763.0,False,team_random_map,False,125283,9,random_map,normal,dark
lombardia,2025-01-15 11:34:32+00:00,0 days 01:03:07.600000,0 days 00:37:08,365463037,872.8333333333334,6,865.3333333333334,880.3333333333334,False,team_random_map,False,125283,8,random_map,normal,dark
lowland,2025-01-13 04:37:00+00:00,0 days 00:17:13.600000,0 days 00:10:08,365029647,1910.0,2,1880.0,1940.0,False,random_map,False,125283,6,random_map,normal,dark
african_clearing,2025-01-12 11:07:30+00:00,0 days 00:42:01.100000,0 days 00:24:43,364814773,1561.0,2,1550.0,1572.0,False,random_map,False,125283,6,random_map,normal,dark
nomad,2025-01-14 14:46:16+00:00,0 days 00:44:34.100000,0 days 00:26:13,365290558,1384.25,4,1404.5,1364.0,False,team_random_map,False,125283,7,random_map,normal,dark
african_clearing,2025-01-14 22:16:42+00:00,0 days 00:35:06.300000,0 days 00:20:39,365373557,1310.5,2,1307.0,1314.0,False,random_map,False,125283,6,random_map,normal,dark
african_clearing,2025-01-17 07:23:05+00:00,0 days 00:32:24.800000,0 days 00:19:04,365837332,1222.5,2,1284.0,1161.0,False,random_map,False,125283,6,random_map,normal,dark
arabia,2025-01-17 20:32:05+00:00,0 days 00:19:27.900000,0 days 00:11:27,365955170,889.5,2,893.0,886.0,False,random_map,False,125283,6,random_map,normal,dark
arabia,2025-01-14 18:54:22+00:00,0 days 00:31:32.100000,0 days 00:18:33,365332593,982.0,2,961.0,1003.0,False,random_map,False,125283,6,random_map,normal,dark
arabia,2025-01-12 19:34:39+00:00,0 days 00:33:05.600000,0 days 00:19:28,364929065,1458.5,2,1450.0,1467.0,False,random_map,False,125283,6,random_map,normal,dark
arena,2025-01-18 13:21:38+00:00,0 days 00:42:07.900000,0 days 00:24:47,366113582,1342.125,8,1341.0,1343.25,False,team_random_map,False,125283,9,random_map,normal,dark
megarandom,2025-01-17 00:20:40+00:00,0 days 01:08:57.800000,0 days 00:40:34,365785853,1075.0,2,1075.0,1075.0,False,random_map,True,125283,6,random_map,normal,dark
arabia,2025-01-18 14:14:04+00:00,0 days 00:28:20,0 days 00:16:40,366124302,1209.5,2,1217.0,1202.0,False,random_map,False,125283,6,random_map,normal,dark
hideout,2025-01-14 04:48:55+00:00,0 days 00:56:07.700000,0 days 00:33:01,365230395,991.25,4,986.0,996.5,False,co_team_random_map,False,125283,67,random_map,normal,dark
arabia,2025-01-16 22:46:41+00:00,0 days 01:10:58.500000,0 days 00:41:45,365772031,1305.5,2,1295.0,1316.0,False,random_map,False,125283,6,random_map,normal,dark
arabia,2025-01-12 05:06:43+00:00,0 days 00:10:40.900000,0 days 00:06:17,364768355,1421.5,2,1409.0,1434.0,False,random_map,False,125283,6,random_map,normal,dark
acropolis,2025-01-14 17:40:51+00:00,0 days 00:38:52.400000,0 days 00:22:52,365318690,1536.5,2,1535.0,1538.0,False,random_map,False,125283,6,random_map,normal,dark
black_forest,2025-01-13 21:34:31+00:00,0 days 01:11:30.800000,0 days 00:42:04,365166020,978.3333333333334,6,993.6666666666666,963.0,False,team_random_map,False,125283,8,random_map,normal,dark
black_forest,2025-01-14 14:17:04+00:00,0 days 00:57:07.200000,0 days 00:33:36,365285925,855.0,4,848.0,862.0,False,team_random_map,False,125283,7,random_map,normal,dark
megarandom,2025-01-12 03:06:29+00:00,0 days 00:53:44.900000,0 days 00:31:37,364748555,577.0,2,574.0,580.0,False,random_map,False,125283,6,random_map,normal,dark
arena,2025-01-15 07:53:26+00:00,0 days 00:57:42.900000,0 days 00:33:57,365445134,594.0,2,581.0,607.0,False,random_map,False,125283,6,random_map,normal,dark
african_clearing,2025-01-15 20:48:53+00:00,0 days 01:04:53,0 days 00:38:10,365554178,925.0,2,921.0,929.0,False,random_map,False,125283,6,random_map,normal,dark
megarandom,2025-01-16 17:50:26+00:00,0 days 00:50:07.300000,0 days 00:29:29,365713719,952.0,6,946.6666666666666,957.3333333333334,False,team_random_map,False,125283,8,random_map,normal,dark
gold_rush,2025-01-18 00:12:59+00:00,0 days 00:30:27.500000,0 days 00:17:55,366001820,998.875,8,1004.75,993.0,False,team_random_map,False,125283,9,random_map,normal,dark
arabia,2025-01-13 13:26:29+00:00,0 days 00:55:06.500000,0 days 00:32:25,365077384,534.5,2,526.0,543.0,False,random_map,True,125283,6,random_map,normal,dark
arabia,2025-01-12 03:47:30+00:00,0 days 00:47:53,0 days 00:28:10,364755730,702.0,2,683.0,721.0,False,random_map,False,125283,6,random_map,normal,dark
hideout,2025-01-12 20:07:40+00:00,0 days 01:27:53.400000,0 days 00:51:42,364937444,873.0,2,890.0,856.0,False,random_map,False,125283,6,random_map,normal,dark
acropolis,2025-01-14 02:31:52+00:00,0 days 00:44:34.100000,0 days 00:26:13,365212617,851.0,2,844.0,858.0,False,random_map,False,125283,6,random_map,normal,dark
arabia,2025-01-17 09:31:33+00:00,0 days 00:19:10.900000,0 days 00:11:17,365847449,775.0,2,764.0,786.0,False,random_map,False,125283,6,random_map,normal,dark
megarandom,2025-01-12 19:09:07+00:00,0 days 01:26:04.600000,0 days 00:50:38,364922106,624.0,6,604.0,644.0,False,team_random_map,False,125283,8,random_map,normal,dark
arabia,2025-01-13 12:27:03+00:00,0 days 00:32:40.100000,0 days 00:19:13,365069272,1021.5,2,1000.0,1043.0,False,random_map,False,125283,6,random_map,normal,dark
arena,2025-01-12 14:21:58+00:00,0 days 00:58:10.100000,0 days 00:34:13,364852840,638.5,2,675.0,602.0,False,random_map,False,125283,6,random_map,normal,dark
hideout,2025-01-13 06:47:44+00:00,0 days 00:45:40.400000,0 days 00:26:52,365041306,1648.0,2,1635.0,1661.0,False,random_map,False,125283,6,random_map,normal,dark
arabia,2025-01-18 16:56:38+00:00,0 days 00:53:38.100000,0 days 00:31:33,366160621,1104.5,2,1113.0,1096.0,False,random_map,False,125283,6,random_map,normal,dark
black_forest,2025-01-17 23:08:43+00:00,0 days 01:11:47.800000,0 days 00:42:14,365990515,1069.75,8,1072.5,1067.0,False,team_random_map,False,125283,9,random_map,normal,dark
arabia,2025-01-12 22:10:25+00:00,0 days 00:43:49.900000,0 days 00:25:47,364968192,932.5,2,923.0,942.0,False,random_map,False,125283,6,random_map,normal,dark
arabia,2025-01-17 07:08:51+00:00,0 days 00:41:33.900000,0 days 00:24:27,365836233,1112.0,2,1109.0,1115.0,False,random_map,False,125283,6,random_map,normal,dark
arabia,2025-01-12 01:58:37+00:00,0 days 00:50:05.600000,0 days 00:29:28,364737078,1383.0,2,1374.0,1392.0,False,random_map,False,125283,6,random_map,normal,dark
megarandom,2025-01-13 17:49:51+00:00,0 days 00:58:05,0 days 00:34:10,365119615,872.5,2,882.0,863.0,False,random_map,False,125283,6,random_map,normal,dark
arabia,2025-01-18 03:24:43+00:00,0 days 00:41:25.400000,0 days 00:24:22,366033587,1172.0,2,1154.0,1190.0,False,random_map,False,125283,6,random_map,normal,dark
arabia,2025-01-13 03:13:17+00:00,0 days 00:27:25.600000,0 days 00:16:08,365018720,1227.25,8,1243.0,1211.5,False,team_random_map,False,125283,9,random_map,normal,dark
gold_rush,2025-01-14 13:34:42+00:00,0 days 00:16:43,0 days 00:09:50,365279553,1013.5,6,1012.6666666666666,1014.3333333333334,False,team_random_map,False,125283,8,random_map,normal,dark
african_clearing,2025-01-16 17:37:59+00:00,0 days 01:24:24.300000,0 days 00:49:39,365711695,953.5,2,948.0,959.0,False,random_map,False,125283,6,random_map,normal,dark
land_nomad,2025-01-16 23:54:39+00:00,0 days 00:44:52.800000,0 days 00:26:24,365782057,1235.0,8,1243.25,1226.75,False,team_random_map,False,125283,9,random_map,normal,dark
gold_rush,2025-01-12 04:28:45+00:00,0 days 00:30:34.300000,0 days 00:17:59,364762482,1105.75,8,1111.5,1100.0,False,team_random_map,False,125283,9,random_map,normal,dark
arabia,2025-01-13 18:46:31+00:00,0 days 00:21:06.500000,0 days 00:12:25,365130446,961.5,2,961.0,962.0,False,random_map,False,125283,6,random_map,normal,dark
megarandom,2025-01-18 22:06:21+00:00,0 days 00:53:07.500000,0 days 00:31:15,366233994,911.5,2,909.0,914.0,False,random_map,False,125283,6,random_map,normal,dark
lombardia,2025-01-18 03:42:05+00:00,0 days 02:09:35.800000,0 days 01:16:14,366036541,853.6666666666666,6,838.6666666666666,868.6666666666666,False,team_random_map,False,125283,8,random_map,normal,dark
lombardia,2025-01-14 16:21:58+00:00,0 days 00:55:40.500000,0 days 00:32:45,365305580,930.25,8,937.75,922.75,False,team_random_map,False,125283,9,random_map,normal,dark
lowland,2025-01-16 11:59:17+00:00,0 days 00:34:57.800000,0 days 00:20:34,365660751,1563.0,2,1531.0,1595.0,False,random_map,True,125283,6,random_map,normal,dark
nomad,2025-01-17 22:58:12+00:00,0 days 00:54:41,0 days 00:32:10,365988466,980.75,4,962.5,999.0,False,team_random_map,False,125283,7,random_map,normal,dark
arena,2025-01-18 05:53:34+00:00,0 days 01:17:32.900000,0 days 00:45:37,366056084,522.5,2,467.0,578.0,False,random_map,False,125283,6,random_map,normal,dark
arabia,2025-01-18 23:25:46+00:00,0 days 00:38:08.200000,0 days 00:22:26,366250562,836.5,2,819.0,854.0,False,random_map,False,125283,6,random_map,normal,dark
megarandom,2025-01-17 22:48:29+00:00,0 days 01:26:19.900000,0 days 00:50:47,365986616,895.75,4,897.5,894.0,False,team_random_map,False,125283,7,random_map,normal,dark
arena,2025-01-16 16:26:34+00:00,0 days 00:21:16.700000,0 days 00:12:31,365699552,826.0,6,835.0,817.0,False,team_random_map,False,125283,8,random_map,normal,dark
nomad,2025-01-18 14:35:01+00:00,0 days 00:29:09.300000,0 days 00:17:09,366128706,1032.0,4,1031.5,1032.5,False,team_random_map,False,125283,7,random_map,normal,dark
nomad,2025-01-15 11:35:57+00:00,0 days 00:50:03.900000,0 days 00:29:27,365463147,1000.25,4,1003.0,997.5,False,team_random_map,False,125283,7,random_map,normal,dark
african_clearing,2025-01-13 18:14:17+00:00,0 days 00:35:14.800000,0 days 00:20:44,365124305,652.5,2,643.0,662.0,False,random_map,False,125283,6,random_map,normal,dark
arena,2025-01-16 19:52:55+00:00,0 days 00:47:30.900000,0 days 00:27:57,365737721,1293.75,8,1329.25,1258.25,False,team_random_map,False,125283,9,random_map,normal,dark
arabia,2025-01-18 20:31:00+00:00,0 days 00:38:23.500000,0 days 00:22:35,366210477,967.0,2,961.0,973.0,False,random_map,False,125283,6,random_map,normal,dark
nomad,2025-01-17 12:12:33+00:00,0 days 00:00:18.700000,0 days 00:00:11,365863097,1180.25,4,1162.5,1198.0,False,team_random_map,False,125283,7,random_map,normal,dark
land_nomad,2025-01-18 12:45:06+00:00,0 days 02:01:41.500000,0 days 01:11:35,366106975,613.375,8,617.25,609.5,False,team_random_map,False,125283,9,random_map,normal,dark
arabia,2025-01-14 16:16:21+00:00,0 days 00:48:30.400000,0 days 00:28:32,365304749,1322.0,2,1297.0,1347.0,False,random_map,False,125283,6,random_map,normal,dark
nomad,2025-01-14 03:15:52+00:00,0 days 00:41:13.500000,0 days 00:24:15,365218791,1067.8333333333333,6,1055.3333333333333,1080.3333333333333,False,team_random_map,False,125283,8,random_map,normal,dark
nomad,2025-01-17 03:49:33+00:00,0 days 01:14:19.100000,0 days 00:43:43,365815855,485.25,4,493.5,477.0,False,team_random_map,False,125283,7,random_map,normal,dark
nomad,2025-01-15 22:39:50+00:00,0 days 00:47:13.900000,0 days 00:27:47,365574947,1120.0,4,1106.5,1133.5,False,team_random_map,False,125283,7,random_map,normal,dark
arena,2025-01-17 04:40:03+00:00,0 days 00:40:05.500000,0 days 00:23:35,365822207,1152.25,8,1158.0,1146.5,False,team_random_map,False,125283,9,random_map,normal,dark
arabia,2025-01-16 17:23:43+00:00,0 days 01:02:18.300000,0 days 00:36:39,365709111,1058.5,2,1057.0,1060.0,False,random_map,False,125283,6,random_map,normal,dark
gold_rush,2025-01-12 14:00:35+00:00,0 days 00:56:09.400000,0 days 00:33:02,364847673,1046.0,4,1047.0,1045.0,False,team_random_map,False,125283,7,random_map,normal,dark
arabia,2025-01-16 01:43:17+00:00,0 days 00:28:33.600000,0 days 00:16:48,365600498,975.5,2,981.0,970.0,False,random_map,False,125283,6,random_map,normal,dark
arabia,2025-01-16 13:28:01+00:00,0 days 00:45:28.500000,0 days 00:26:45,365671793,1234.5,4,1229.0,1240.0,False,team_random_map,False,125283,7,random_map,normal,dark
arena,2025-01-12 14:10:06+00:00,0 days 01:11:32.500000,0 days 00:42:05,364849898,1156.0,8,1154.0,1158.0,False,team_random_map,False,125283,9,random_map,normal,dark
nomad,2025-01-18 21:56:52+00:00,0 days 00:55:20.100000,0 days 00:32:33,366231600,975.25,4,965.5,985.0,False,team_random_map,False,125283,7,random_map,normal,dark
arena,2025-01-14 21:58:48+00:00,0 days 01:22:03.200000,0 days 00:48:16,365370407,813.0,2,798.0,828.0,False,random_map,False,125283,6,random_map,normal,dark
